"","Estimate","StdErr","z.value","p.value"
"(Intercept)",8.76907449605018e-08,NA,NA,NA
"age",0,NA,NA,NA
"egfr",0,NA,NA,NA
"income",0,NA,NA,NA
"PA",0,NA,NA,NA
"education",0,NA,NA,NA
"energy",0.256604091882843,NA,NA,NA
"Amide_X1.5.AG...1.deoxyglucose",0,NA,NA,NA
"Amide_X2.Hydroxybutyric.acid",0,NA,NA,NA
"Amide_X2.Hydroxyglutaric.acid",0,NA,NA,NA
"Amide_X2.ketoisovaleric.acid.KIV",0,NA,NA,NA
"Amide_X3.Hydroxybutyric.acid",0,NA,NA,NA
"Amide_Acetoacetic.acid",0,NA,NA,NA
"Amide_Aconitic.acid",0,NA,NA,NA
"Amide_ADP",0,NA,NA,NA
"Amide_a.Ketoglutaric.acid",0,NA,NA,NA
"Amide_Allantoin",0,NA,NA,NA
"Amide_Aspartic.acid",0,NA,NA,NA
"Amide_ATP",0,NA,NA,NA
"Amide_Butyric.acid",0,NA,NA,NA
"Amide_Citric.acid.Isocitric.acid",0,NA,NA,NA
"Amide_cyclic.AMP",0,NA,NA,NA
"Amide_D.Gluconic.acid",0,NA,NA,NA
"Amide_DHA",0,NA,NA,NA
"Amide_Fumaric.acid",0,NA,NA,NA
"Amide_Glyceric.acid",0,NA,NA,NA
"Amide_Glycerol.3.phosphate",0,NA,NA,NA
"Amide_Hippuric.acid",0,NA,NA,NA
"Amide_Hypoxanthine",0,NA,NA,NA
"Amide_Indole.3.carboxylic.acid",0,NA,NA,NA
"Amide_Indole.3.lactic.acid",0,NA,NA,NA
"Amide_Indole.3.propanoic.acid",0,NA,NA,NA
"Amide_Indoxyl.sulfate",0,NA,NA,NA
"Amide_Inosine",0,NA,NA,NA
"Amide_Keto.isocaproic.acid.KIC...Keto.methylvalerate.KMV",0,NA,NA,NA
"Amide_Kynurenic.acid",0,NA,NA,NA
"Amide_Kynurenine",0,NA,NA,NA
"Amide_Lactic.acid",0,NA,NA,NA
"Amide_Malic.acid",0,NA,NA,NA
"Amide_Malonic.acid",0,NA,NA,NA
"Amide_N.Acetyl.L.Alanine",0,NA,NA,NA
"Amide_N.Acetyl.L.Glutamine",0,NA,NA,NA
"Amide_Oleoyl.Glycine",0,NA,NA,NA
"Amide_Oleoyl.Leucine",0,NA,NA,NA
"Amide_Oleoyl.Phenylalanine",0,NA,NA,NA
"Amide_Oleoyl.Serine",0,NA,NA,NA
"Amide_Orotic.acid",0,NA,NA,NA
"Amide_Oxalic.acid",0,NA,NA,NA
"Amide_Oxaloacetic.acid",0,NA,NA,NA
"Amide_Pyroglutamic.acid",0,NA,NA,NA
"Amide_Pyruvic.acid",0,NA,NA,NA
"Amide_Quinolinic.acid",0,NA,NA,NA
"Amide_S.Adenosyl.L.homocysteine",0,NA,NA,NA
"Amide_Succinic.acid.Methylmalonic.acid",0,NA,NA,NA
"Amide_T4",0,NA,NA,NA
"Amide_Uric.acid",0,NA,NA,NA
"Amide_Uridine",0,NA,NA,NA
"Amide_Xanthosine",0,NA,NA,NA
"Amide_Xanthurenic.acid",0,NA,NA,NA
"C8_LPC.16.0.0.0",0,NA,NA,NA
"C8_LPC.0.0.17.1",0,NA,NA,NA
"C8_LPC.17.0.0.0",-0.000605562280383299,NA,NA,NA
"C8_LPC.18.2.0.0",0,NA,NA,NA
"C8_LPC.0.0.18.0",0,NA,NA,NA
"C8_LPC.19.1.0.0",0,NA,NA,NA
"C8_LPC.19.0.0.0",0,NA,NA,NA
"C8_LPC.20.3.0.0",0,NA,NA,NA
"C8_LPC.20.2.0.0",0,NA,NA,NA
"C8_LPC.20.1.0.0",0,NA,NA,NA
"C8_LPC.20.0.0.0",0,NA,NA,NA
"C8_LPC.22.6.0.0",0,NA,NA,NA
"C8_LPC.0.0.22.5",0,NA,NA,NA
"C8_LPC.22.5.0.0",0,NA,NA,NA
"C8_LPC.22.4.0.0",0,NA,NA,NA
"C8_LPC.22.0.0.0",0,NA,NA,NA
"C8_LPC.24.0.0.0",0,NA,NA,NA
"C8_LPC.O.16.0.0.0",0,NA,NA,NA
"C8_LPC.O.18.1.0.0",0,NA,NA,NA
"C8_LPC.O.18.0.0.0",0,NA,NA,NA
"C8_LPC.O.20.0.0.0",0,NA,NA,NA
"C8_LPC.O.22.1.0.0",0,NA,NA,NA
"C8_LPC.O.22.0.0.0",0,NA,NA,NA
"C8_LPC.O.24.2.0.0",0,NA,NA,NA
"C8_LPC.O.24.1.0.0",0,NA,NA,NA
"C8_LPC.O.24.0.0.0",0,NA,NA,NA
"C8_LPC.P.16.0.0.0",0,NA,NA,NA
"C8_LPC.P.18.1.0.0",0,NA,NA,NA
"C8_LPC.P.18.0.0.0",0,NA,NA,NA
"C8_PC.30.1",0,NA,NA,NA
"C8_PC.30.0",0,NA,NA,NA
"C8_PC.31.1",0,NA,NA,NA
"C8_PC.31.0",0,NA,NA,NA
"C8_PC.32.2",0,NA,NA,NA
"C8_PC.32.1",0,NA,NA,NA
"C8_PC.33.2",0,NA,NA,NA
"C8_PC.33.1",0,NA,NA,NA
"C8_PC.33.0",0,NA,NA,NA
"C8_PC.34.5",0,NA,NA,NA
"C8_PC.34.4",0,NA,NA,NA
"C8_PC.34.3",0,NA,NA,NA
"C8_PC.34.2",0,NA,NA,NA
"C8_PC.34.1",0,NA,NA,NA
"C8_PC.34.0",0,NA,NA,NA
"C8_PC.35.4",0,NA,NA,NA
"C8_PC.35.1",0,NA,NA,NA
"C8_PC.36.4_B",0,NA,NA,NA
"C8_PC.36.3",0,NA,NA,NA
"C8_PC.36.2",0,NA,NA,NA
"C8_PC.36.1",0,NA,NA,NA
"C8_PC.36.0",0,NA,NA,NA
"C8_PC.37.4",0,NA,NA,NA
"C8_PC.37.2",0,NA,NA,NA
"C8_PC.37.1",0,NA,NA,NA
"C8_PC.38.6",0,NA,NA,NA
"C8_PC.38.4",0,NA,NA,NA
"C8_PC.38.3",0,NA,NA,NA
"C8_PC.38.2",0,NA,NA,NA
"C8_PC.38.1",0,NA,NA,NA
"C8_PC.39.6",0,NA,NA,NA
"C8_PC.40.9",0,NA,NA,NA
"C8_PC.40.6",0,NA,NA,NA
"C8_PC.40.5",0,NA,NA,NA
"C8_PC.40.2",0,NA,NA,NA
"C8_PC.40.1",0,NA,NA,NA
"C8_PC.42.5",0,NA,NA,NA
"C8_PC.42.2",0,NA,NA,NA
"C8_PC.44.4",0,NA,NA,NA
"C8_PC.O.31.0",0,NA,NA,NA
"C8_PC.O.32.0",0,NA,NA,NA
"C8_PC.O.33.0",0,NA,NA,NA
"C8_PC.O.34.1",0,NA,NA,NA
"C8_PC.O.34.0",0,NA,NA,NA
"C8_PC.O.36.4",0,NA,NA,NA
"C8_PC.O.36.3",0,NA,NA,NA
"C8_PC.O.36.2",0,NA,NA,NA
"C8_PC.O.36.1",0,NA,NA,NA
"C8_PC.O.36.0",0,NA,NA,NA
"C8_PC.O.38.6",0,NA,NA,NA
"C8_PC.O.38.5",0,NA,NA,NA
"C8_PC.O.38.4",0,NA,NA,NA
"C8_PC.O.38.3",0,NA,NA,NA
"C8_PC.O.38.0",0,NA,NA,NA
"C8_PC.P.33.0",0,NA,NA,NA
"C8_PC.P.34.1.or.PC.O.34.2_A",0,NA,NA,NA
"C8_PC.P.36.2",0,NA,NA,NA
"C8_PC.P.36.1",0,NA,NA,NA
"C8_PC.P.38.3",0,NA,NA,NA
"C8_PC.P.40.6.or.PC.O.40.7_B",0,NA,NA,NA
"C8_PC.P.40.3",0,NA,NA,NA
"C8_PC.P.42.6.or.PC.O.42.7_C",0,NA,NA,NA
"C8_PC.P.42.5.or.PC.O.42.6",0,NA,NA,NA
"C8_PC.P.42.4.or.PC.O.42.5",0,NA,NA,NA
"C8_PC.P.42.3",0,NA,NA,NA
"C8_PC.P.42.1.or.PC.O.42.2_A",0,NA,NA,NA
"C8_PC.P.42.1.or.PC.O.42.2_B",0,NA,NA,NA
"C8_PC.P.44.6.or.PC.O.44.7",0,NA,NA,NA
"C8_PC.P.44.5.or.PC.O.44.6_A",0,NA,NA,NA
"C8_PC.P.44.4.or.PC.O.44.5",0,NA,NA,NA
"C8_PC.P.44.3.or.PC.O.44.4",0,NA,NA,NA
"C8_PC.P.46.6.or.PC.O.46.7",0,NA,NA,NA
"C8_PC.P.46.4.or.PC.O.46.5_A",0,NA,NA,NA
"C8_PC.P.46.4.or.PC.O.46.5_B",0,NA,NA,NA
"C8_LPE.18.1.0.0",0,NA,NA,NA
"C8_LPE.0.0.18.0",0,NA,NA,NA
"C8_LPE.0.0.20.4",0,NA,NA,NA
"C8_LPE.20.3.0.0",0,NA,NA,NA
"C8_PE.36.1",0,NA,NA,NA
"C8_PE.O.36.4",0,NA,NA,NA
"C8_PE.P.36.1.or.PE.O.36.2",0,NA,NA,NA
"C8_PE.P.37.4.or.PE.O.37.5",0,NA,NA,NA
"C8_PE.P.38.5",0,NA,NA,NA
"C8_PE.P.38.4.or.PE.O.38.5",0,NA,NA,NA
"C8_PE.P.38.2",0,NA,NA,NA
"C8_PE.P.40.5",0,NA,NA,NA
"C8_PE.P.40.4",0,NA,NA,NA
"C8_PS.34.0",0,NA,NA,NA
"C8_SM.30.1.O2",0,NA,NA,NA
"C8_SM.31.1.O2",0,NA,NA,NA
"C8_SM.32.2.O2",0,NA,NA,NA
"C8_SM.32.1.O2",0,NA,NA,NA
"C8_SM.32.0.O2",0,NA,NA,NA
"C8_SM.33.2.O2",0,NA,NA,NA
"C8_SM.33.1.O2",0,NA,NA,NA
"C8_SM.34.2.O2",0,NA,NA,NA
"C8_SM.34.1.O2",0,NA,NA,NA
"C8_SM.34.0.O2",0,NA,NA,NA
"C8_SM.35.2.O2",0,NA,NA,NA
"C8_SM.35.1.O2",0,NA,NA,NA
"C8_SM.36.3.O2",0,NA,NA,NA
"C8_SM.36.2.O2",0,NA,NA,NA
"C8_SM.36.1.O2",0,NA,NA,NA
"C8_SM.36.0.O2",0,NA,NA,NA
"C8_SM.38.2.O2",0,NA,NA,NA
"C8_SM.38.1.O2",0,NA,NA,NA
"C8_SM.39.1.O2",0,NA,NA,NA
"C8_SM.40.1.O2",0,NA,NA,NA
"C8_SM.41.2.O2",0,NA,NA,NA
"C8_SM.41.1.O2",0,NA,NA,NA
"C8_SM.42.4.O2",0,NA,NA,NA
"C8_SM.42.2.O2",0,NA,NA,NA
"C8_SM.42.1.O2",0,NA,NA,NA
"C8_SM.43.2.O2",0,NA,NA,NA
"C8_SM.43.1.O2",0,NA,NA,NA
"C8_SM.44.3.O2",0,NA,NA,NA
"C8_SM.44.2.O2",0,NA,NA,NA
"C8_SM.44.1.O2",0,NA,NA,NA
"C8_Cer.34.1.O2",0,NA,NA,NA
"C8_Cer.40.2.O2",0,NA,NA,NA
"C8_Cer.40.1.O2",0,NA,NA,NA
"C8_Cer.42.2.O2_A",0,NA,NA,NA
"C8_Cer.42.1.O2",0,NA,NA,NA
"C8_Cer.41.2.O2_A",0,NA,NA,NA
"C8_Cer.41.0.O2",0,NA,NA,NA
"C8_HexCer.34.1.O2",0,NA,NA,NA
"C8_Hex2Cer.32.1.O2",0,NA,NA,NA
"C8_Hex2Cer.34.2.O2",0,NA,NA,NA
"C8_Hex2Cer.34.1.O2",0,NA,NA,NA
"C8_Hex2Cer.42.2.O2",0,NA,NA,NA
"C8_Palmitoyl.EA",0,NA,NA,NA
"C8_Piperine",0,NA,NA,NA
"C8_Coenzyme.Q10",0,NA,NA,NA
"C8_gamma.Tocopherol",0,NA,NA,NA
"C8_Cholestenone",0,NA,NA,NA
"C8_Cholesterol",0,NA,NA,NA
"C8_CE.14.1",0,NA,NA,NA
"C8_CE.14.0",0,NA,NA,NA
"C8_CE.16.1",0,NA,NA,NA
"C8_CE.16.0",0,NA,NA,NA
"C8_CE.17.0",0,NA,NA,NA
"C8_CE.18.3",0,NA,NA,NA
"C8_CE.18.2",0,NA,NA,NA
"C8_CE.18.1",0,NA,NA,NA
"C8_CE.18.0",0,NA,NA,NA
"C8_CE.19.1",0,NA,NA,NA
"C8_CE.20.4",0,NA,NA,NA
"C8_CE.20.3",0,NA,NA,NA
"C8_CE.20.1",0,NA,NA,NA
"C8_CE.22.6",0,NA,NA,NA
"C8_MG.14.0",0,NA,NA,NA
"C8_MG.15.0",0,NA,NA,NA
"C8_MG.16.0",0,NA,NA,NA
"C8_MG.17.0",0,NA,NA,NA
"C8_MG.18.2",0,NA,NA,NA
"C8_MG.18.1",0,NA,NA,NA
"C8_DG.32.0",0,NA,NA,NA
"C8_DG.34.2",0,NA,NA,NA
"C8_DG.34.1",0,NA,NA,NA
"C8_DG.34.0",0,NA,NA,NA
"C8_DG.36.4_A",0,NA,NA,NA
"C8_DG.36.3",0,NA,NA,NA
"C8_DG.36.2",0,NA,NA,NA
"C8_DG.36.1",0,NA,NA,NA
"C8_DG.38.5",0,NA,NA,NA
"C8_DG.38.4_B",0,NA,NA,NA
"C8_DG.38.3",0,NA,NA,NA
"C8_DG.40.5",0,NA,NA,NA
"C8_TG.40.0",0,NA,NA,NA
"C8_TG.42.1",0,NA,NA,NA
"C8_TG.42.0",0,NA,NA,NA
"C8_TG.44.3",0,NA,NA,NA
"C8_TG.44.2",0,NA,NA,NA
"C8_TG.44.1",0,NA,NA,NA
"C8_TG.44.0",0,NA,NA,NA
"C8_TG.45.1",0,NA,NA,NA
"C8_TG.46.4",0,NA,NA,NA
"C8_TG.46.3",0,NA,NA,NA
"C8_TG.46.2",0,NA,NA,NA
"C8_TG.46.1",0,NA,NA,NA
"C8_TG.47.2",0,NA,NA,NA
"C8_TG.48.5",0,NA,NA,NA
"C8_TG.48.4",0,NA,NA,NA
"C8_TG.48.3",0,NA,NA,NA
"C8_TG.48.2",0,NA,NA,NA
"C8_TG.48.1",0,NA,NA,NA
"C8_TG.48.0",0,NA,NA,NA
"C8_TG.49.4",0,NA,NA,NA
"C8_TG.49.3",0,NA,NA,NA
"C8_TG.49.2",0,NA,NA,NA
"C8_TG.49.1",0,NA,NA,NA
"C8_TG.50.7",0,NA,NA,NA
"C8_TG.50.6",0,NA,NA,NA
"C8_TG.50.5",0,NA,NA,NA
"C8_TG.50.4",0,NA,NA,NA
"C8_TG.50.3",0,NA,NA,NA
"C8_TG.50.2",0,NA,NA,NA
"C8_TG.50.1",0,NA,NA,NA
"C8_TG.50.0",0,NA,NA,NA
"C8_TG.51.5",0,NA,NA,NA
"C8_TG.51.4",0,NA,NA,NA
"C8_TG.51.3",0,NA,NA,NA
"C8_TG.51.2",0,NA,NA,NA
"C8_TG.51.1",0,NA,NA,NA
"C8_TG.52.8",0,NA,NA,NA
"C8_TG.52.7",0,NA,NA,NA
"C8_TG.52.6",0,NA,NA,NA
"C8_TG.52.5",0,NA,NA,NA
"C8_TG.52.4",0,NA,NA,NA
"C8_TG.52.3",0,NA,NA,NA
"C8_TG.52.2",0,NA,NA,NA
"C8_TG.52.1",0,NA,NA,NA
"C8_TG.52.0",0,NA,NA,NA
"C8_TG.53.5",0,NA,NA,NA
"C8_TG.53.3",0,NA,NA,NA
"C8_TG.53.2",0,NA,NA,NA
"C8_TG.53.1",0,NA,NA,NA
"C8_TG.54.9",0,NA,NA,NA
"C8_TG.54.8",0,NA,NA,NA
"C8_TG.54.7",0,NA,NA,NA
"C8_TG.54.6",0,NA,NA,NA
"C8_TG.54.5",0,NA,NA,NA
"C8_TG.54.4",0,NA,NA,NA
"C8_TG.54.3",-0.000650886708653281,NA,NA,NA
"C8_TG.54.2",0,NA,NA,NA
"C8_TG.54.1",0,NA,NA,NA
"C8_TG.55.6",0,NA,NA,NA
"C8_TG.55.5",0,NA,NA,NA
"C8_TG.56.10",0,NA,NA,NA
"C8_TG.56.9",0,NA,NA,NA
"C8_TG.56.8",0,NA,NA,NA
"C8_TG.56.7",0,NA,NA,NA
"C8_TG.56.6",0,NA,NA,NA
"C8_TG.56.5_B",0,NA,NA,NA
"C8_TG.56.4",0,NA,NA,NA
"C8_TG.56.3",0,NA,NA,NA
"C8_TG.56.2",0,NA,NA,NA
"C8_TG.58.11",0,NA,NA,NA
"C8_TG.58.10",0,NA,NA,NA
"C8_TG.58.9",0,NA,NA,NA
"C8_TG.58.7_A",0,NA,NA,NA
"C8_TG.58.5",0,NA,NA,NA
"C8_TG.58.3",0,NA,NA,NA
"C8_TG.60.12",0,NA,NA,NA
"C8_QI5007",0,NA,NA,NA
"C8_QI7297",0,NA,NA,NA
"C8_QI7302",0,NA,NA,NA
"C8_QI5246",0,NA,NA,NA
"C8_QI7256",0,NA,NA,NA
"C8_QI4985",0,NA,NA,NA
"C8_QI5360",0,NA,NA,NA
"C8_QI6765",0,NA,NA,NA
"C8_QI7057",0,NA,NA,NA
"C8_QI5139",0,NA,NA,NA
"C8_QI6813",0,NA,NA,NA
"C8_QI6793",0,NA,NA,NA
"C8_QI5120",0,NA,NA,NA
"C8_QI12215",0,NA,NA,NA
"C8_QI32",0,NA,NA,NA
"C8_QI12197",0,NA,NA,NA
"C8_QI79",0,NA,NA,NA
"C8_QI163",0,NA,NA,NA
"C8_QI12040",-0.000779390308864452,NA,NA,NA
"C8_QI12049",0,NA,NA,NA
"C8_QI243",0,NA,NA,NA
"C8_QI11999",0,NA,NA,NA
"C8_QI250",0,NA,NA,NA
"C8_QI265",0,NA,NA,NA
"C8_QI11962",-0.00041021918849865,NA,NA,NA
"C8_QI11946",-0.000608931640324762,NA,NA,NA
"C8_QI295",-0.000665606668256966,NA,NA,NA
"C8_QI11950",-0.000589002249342568,NA,NA,NA
"C8_QI11966",0,NA,NA,NA
"C8_QI303",-3.72761675115134e-05,NA,NA,NA
"C8_QI300",-0.000947522459172763,NA,NA,NA
"C8_QI11918",-0.000870251662271199,NA,NA,NA
"C8_QI320",-0.00132819370156997,NA,NA,NA
"C8_QI357",-0.000940906789180762,NA,NA,NA
"C8_QI363",0,NA,NA,NA
"C8_QI11802",-0.000663311659967352,NA,NA,NA
"C8_QI11801",-0.00050236922640293,NA,NA,NA
"C8_QI11796",0,NA,NA,NA
"C8_QI11767",0,NA,NA,NA
"C8_QI474",0,NA,NA,NA
"C8_QI11754",0,NA,NA,NA
"C8_QI11760",0,NA,NA,NA
"C8_QI11766",0,NA,NA,NA
"C8_QI487",0,NA,NA,NA
"C8_QI502",-0.00114131377174362,NA,NA,NA
"C8_QI543",0,NA,NA,NA
"C8_QI559",0,NA,NA,NA
"C8_QI11640",-0.00193874560540157,NA,NA,NA
"C8_QI620",-0.00143993339828459,NA,NA,NA
"C8_QI605",-0.00152324570335081,NA,NA,NA
"C8_QI11635",-0.00136539382933866,NA,NA,NA
"C8_QI607",-0.00110784060032561,NA,NA,NA
"C8_QI11632",0,NA,NA,NA
"C8_QI608",-0.00137879948462211,NA,NA,NA
"C8_QI611",-0.000240197803887194,NA,NA,NA
"C8_QI659",-0.00021390552679245,NA,NA,NA
"C8_QI668",0,NA,NA,NA
"C8_QI662",0,NA,NA,NA
"C8_QI680",0,NA,NA,NA
"C8_QI699",-0.00155959117855764,NA,NA,NA
"C8_QI700",0,NA,NA,NA
"C8_QI717",0,NA,NA,NA
"C8_QI11523",0,NA,NA,NA
"C8_QI791",-0.00132496836171482,NA,NA,NA
"C8_QI11467",-0.00142662861203809,NA,NA,NA
"C8_QI11450",-0.00178246127378502,NA,NA,NA
"C8_QI11446",-0.00158262300299508,NA,NA,NA
"C8_QI823",0,NA,NA,NA
"C8_QI11418",0,NA,NA,NA
"C8_QI11377",0,NA,NA,NA
"C8_QI879",-0.00130077908923136,NA,NA,NA
"C8_QI11425",0,NA,NA,NA
"C8_QI865",0,NA,NA,NA
"C8_QI887",-0.000588618236302407,NA,NA,NA
"C8_QI11354",-0.000406946983408618,NA,NA,NA
"C8_QI11343",0,NA,NA,NA
"C8_QI11322",0,NA,NA,NA
"C8_QI901",0,NA,NA,NA
"C8_QI921",0,NA,NA,NA
"C8_QI919",0,NA,NA,NA
"C8_QI958",0,NA,NA,NA
"C8_QI11299",-1.40690993681161e-05,NA,NA,NA
"C8_QI11274",-0.00196400794187277,NA,NA,NA
"C8_QI11220",0,NA,NA,NA
"C8_QI1012",0,NA,NA,NA
"C8_QI11248",0,NA,NA,NA
"C8_QI11207",0.0489674921427115,NA,NA,NA
"C8_QI11240",0,NA,NA,NA
"C8_QI993",0,NA,NA,NA
"C8_QI1013",0,NA,NA,NA
"C8_QI11194",0,NA,NA,NA
"C8_QI1045",0,NA,NA,NA
"C8_QI1020",0,NA,NA,NA
"C8_QI1059",0,NA,NA,NA
"C8_QI11161",0,NA,NA,NA
"C8_QI11148",0,NA,NA,NA
"C8_QI1082",0,NA,NA,NA
"C8_QI11126",0,NA,NA,NA
"C8_QI1130",0,NA,NA,NA
"C8_QI1120",0,NA,NA,NA
"C8_QI11062",-0.000237146647564639,NA,NA,NA
"C8_QI1170",-0.000217322616127145,NA,NA,NA
"C8_QI1202",-0.00152368510723799,NA,NA,NA
"C8_QI1191",0,NA,NA,NA
"C8_QI1196",0,NA,NA,NA
"C8_QI1195",0,NA,NA,NA
"C8_QI1190",0,NA,NA,NA
"C8_QI11020",0,NA,NA,NA
"C8_QI1210",0,NA,NA,NA
"C8_QI1243",0,NA,NA,NA
"C8_QI1244",-0.00166824409804561,NA,NA,NA
"C8_QI11011",0,NA,NA,NA
"C8_QI10998",-0.00178391089816536,NA,NA,NA
"C8_QI1269",0,NA,NA,NA
"C8_QI1242",0,NA,NA,NA
"C8_QI1295",0,NA,NA,NA
"C8_QI10936",0,NA,NA,NA
"C8_QI10934",0,NA,NA,NA
"C8_QI1326",0,NA,NA,NA
"C8_QI1352",-0.000419998436753432,NA,NA,NA
"C8_QI1369",0,NA,NA,NA
"C8_QI10913",0,NA,NA,NA
"C8_QI10837",-0.0018165282064211,NA,NA,NA
"C8_QI10864",0,NA,NA,NA
"C8_QI1410",-0.00222048196775695,NA,NA,NA
"C8_QI10817",0,NA,NA,NA
"C8_QI1446",0,NA,NA,NA
"C8_QI10799",0,NA,NA,NA
"C8_QI1471",-0.000305071273506019,NA,NA,NA
"C8_QI1456",0,NA,NA,NA
"C8_QI10804",0,NA,NA,NA
"C8_QI10785",0,NA,NA,NA
"C8_QI10757",0,NA,NA,NA
"C8_QI1490",0,NA,NA,NA
"C8_QI10726",-0.00109746029595332,NA,NA,NA
"C8_QI1514",-0.00057854476100036,NA,NA,NA
"C8_QI10722",-0.000951515078655999,NA,NA,NA
"C8_QI1542",0,NA,NA,NA
"C8_QI10698",0,NA,NA,NA
"C8_QI1560",-0.000648080087859425,NA,NA,NA
"C8_QI10686",-0.00052454521555303,NA,NA,NA
"C8_QI10680",-0.00119760874316817,NA,NA,NA
"C8_QI10666",0,NA,NA,NA
"C8_QI1567",-0.000349069747716323,NA,NA,NA
"C8_QI1575",0,NA,NA,NA
"C8_QI10644",0,NA,NA,NA
"C8_QI1581",0,NA,NA,NA
"C8_QI1620",0,NA,NA,NA
"C8_QI10615",0,NA,NA,NA
"C8_QI1615",0,NA,NA,NA
"C8_QI10587",0,NA,NA,NA
"C8_QI10545",0,NA,NA,NA
"C8_QI1756",0,NA,NA,NA
"C8_QI10487",0,NA,NA,NA
"C8_QI1754",0,NA,NA,NA
"C8_QI1778",0,NA,NA,NA
"C8_QI10448",-0.000448734746529557,NA,NA,NA
"C8_QI1808",0,NA,NA,NA
"C8_QI10423",-0.000202172994758331,NA,NA,NA
"C8_QI1817",-0.000122129055205456,NA,NA,NA
"C8_QI1828",0,NA,NA,NA
"C8_QI10390",0,NA,NA,NA
"C8_QI10384",0,NA,NA,NA
"C8_QI10391",0,NA,NA,NA
"C8_QI10392",-0.00172462756957152,NA,NA,NA
"C8_QI1850",0.0589640144718688,NA,NA,NA
"C8_QI10327",0,NA,NA,NA
"C8_QI1942",0,NA,NA,NA
"C8_QI1950",-0.00127865370291142,NA,NA,NA
"C8_QI10256",-0.00134446124614129,NA,NA,NA
"C8_QI1958",-0.000119734254267276,NA,NA,NA
"C8_QI1983",0,NA,NA,NA
"C8_QI1987",0,NA,NA,NA
"C8_QI1990",-0.000811031644557836,NA,NA,NA
"C8_QI10254",-0.00134487544096872,NA,NA,NA
"C8_QI10253",0,NA,NA,NA
"C8_QI10233",0,NA,NA,NA
"C8_QI2028",-0.000322325667600949,NA,NA,NA
"C8_QI2064",0,NA,NA,NA
"C8_QI2061",0,NA,NA,NA
"C8_QI10100",0,NA,NA,NA
"C8_QI2135",0,NA,NA,NA
"C8_QI10082",0,NA,NA,NA
"C8_QI2157",-0.00102855183413576,NA,NA,NA
"C8_QI2158",-0.000485699808307828,NA,NA,NA
"C8_QI10083",-0.000686036529721795,NA,NA,NA
"C8_QI10081",0,NA,NA,NA
"C8_QI10074",0,NA,NA,NA
"C8_QI10070",0,NA,NA,NA
"C8_QI2181",0,NA,NA,NA
"C8_QI10031",0,NA,NA,NA
"C8_QI10015",0,NA,NA,NA
"C8_QI2229",0,NA,NA,NA
"C8_QI10014",0,NA,NA,NA
"C8_QI2236",0,NA,NA,NA
"C8_QI9988",0,NA,NA,NA
"C8_QI9990",-0.00120678164353211,NA,NA,NA
"C8_QI9972",0,NA,NA,NA
"C8_QI2288",0,NA,NA,NA
"C8_QI2290",0,NA,NA,NA
"C8_QI2287",0,NA,NA,NA
"C8_QI2304",0,NA,NA,NA
"C8_QI2318",0,NA,NA,NA
"C8_QI9922",0,NA,NA,NA
"C8_QI2329",0,NA,NA,NA
"C8_QI2343",0,NA,NA,NA
"C8_QI9896",0,NA,NA,NA
"C8_QI2361",0,NA,NA,NA
"C8_QI9873",0,NA,NA,NA
"C8_QI2435",0,NA,NA,NA
"C8_QI2456",0,NA,NA,NA
"C8_QI2479",0,NA,NA,NA
"C8_QI2481",0,NA,NA,NA
"C8_QI9747",0,NA,NA,NA
"C8_QI2506",0,NA,NA,NA
"C8_QI9743",0,NA,NA,NA
"C8_QI2507",0,NA,NA,NA
"C8_QI9694",0,NA,NA,NA
"C8_QI9689",0,NA,NA,NA
"C8_QI2563",0,NA,NA,NA
"C8_QI9661",0,NA,NA,NA
"C8_QI2590",0,NA,NA,NA
"C8_QI9635",0,NA,NA,NA
"C8_QI2612",0,NA,NA,NA
"C8_QI9629",0,NA,NA,NA
"C8_QI9619",-0.000251900938898221,NA,NA,NA
"C8_QI2625",0,NA,NA,NA
"C8_QI2623",0,NA,NA,NA
"C8_QI9593",0,NA,NA,NA
"C8_QI2667",0,NA,NA,NA
"C8_QI2673",0,NA,NA,NA
"C8_QI2685",-0.00130593375159291,NA,NA,NA
"C8_QI9524",0,NA,NA,NA
"C8_QI2748",0,NA,NA,NA
"C8_QI2743",0,NA,NA,NA
"C8_QI2749",0,NA,NA,NA
"C8_QI9485",0,NA,NA,NA
"C8_QI2759",0,NA,NA,NA
"C8_QI9453",-0.00114915610326715,NA,NA,NA
"C8_QI2788",0,NA,NA,NA
"C8_QI2801",0,NA,NA,NA
"C8_QI2810",0,NA,NA,NA
"C8_QI2821",0,NA,NA,NA
"C8_QI2842",0,NA,NA,NA
"C8_QI9394",0,NA,NA,NA
"C8_QI9375",0,NA,NA,NA
"C8_QI9351",0,NA,NA,NA
"C8_QI2890",0,NA,NA,NA
"C8_QI2905",-0.00111245010087415,NA,NA,NA
"C8_QI9336",-0.00135399791436771,NA,NA,NA
"C8_QI9322",0,NA,NA,NA
"C8_QI2930",0,NA,NA,NA
"C8_QI9301",0,NA,NA,NA
"C8_QI2955",0,NA,NA,NA
"C8_QI2973",0,NA,NA,NA
"C8_QI2964",0,NA,NA,NA
"C8_QI9262",0,NA,NA,NA
"C8_QI9237",0,NA,NA,NA
"C8_QI2984",0,NA,NA,NA
"C8_QI2979",0,NA,NA,NA
"C8_QI3007",0,NA,NA,NA
"C8_QI3021",0,NA,NA,NA
"C8_QI9203",0,NA,NA,NA
"C8_QI9191",0,NA,NA,NA
"C8_QI9180",0,NA,NA,NA
"C8_QI3082",0,NA,NA,NA
"C8_QI9128",0,NA,NA,NA
"C8_QI3119",0,NA,NA,NA
"C8_QI3132",0,NA,NA,NA
"C8_QI9086",0,NA,NA,NA
"C8_QI9088",0,NA,NA,NA
"C8_QI9082",0,NA,NA,NA
"C8_QI3161",0,NA,NA,NA
"C8_QI3170",0,NA,NA,NA
"C8_QI3172",0,NA,NA,NA
"C8_QI3164",0,NA,NA,NA
"C8_QI9065",0,NA,NA,NA
"C8_QI9057",0,NA,NA,NA
"C8_QI3206",0,NA,NA,NA
"C8_QI9025",0,NA,NA,NA
"C8_QI3222",0,NA,NA,NA
"C8_QI8981",0,NA,NA,NA
"C8_QI3311",0,NA,NA,NA
"C8_QI8965",0,NA,NA,NA
"C8_QI8951",0,NA,NA,NA
"C8_QI3279",0,NA,NA,NA
"C8_QI8944",0,NA,NA,NA
"C8_QI8943",0,NA,NA,NA
"C8_QI8941",0,NA,NA,NA
"C8_QI3299",0,NA,NA,NA
"C8_QI8946",0,NA,NA,NA
"C8_QI3298",0,NA,NA,NA
"C8_QI3326",0,NA,NA,NA
"C8_QI3325",0,NA,NA,NA
"C8_QI8906",0,NA,NA,NA
"C8_QI3338",0,NA,NA,NA
"C8_QI3400",0,NA,NA,NA
"C8_QI8844",0,NA,NA,NA
"C8_QI3397",0,NA,NA,NA
"C8_QI8833",0,NA,NA,NA
"C8_QI3421",0,NA,NA,NA
"C8_QI8797",0,NA,NA,NA
"C8_QI3437",0,NA,NA,NA
"C8_QI8783",0,NA,NA,NA
"C8_QI8775",0,NA,NA,NA
"C8_QI8768",0,NA,NA,NA
"C8_QI8758",-6.92256698084592e-05,NA,NA,NA
"C8_QI3503",0,NA,NA,NA
"C8_QI8717",0,NA,NA,NA
"C8_QI3560",0,NA,NA,NA
"C8_QI3552",-0.000913481345695194,NA,NA,NA
"C8_QI8680",0,NA,NA,NA
"C8_QI8673",0,NA,NA,NA
"C8_QI8654",0,NA,NA,NA
"C8_QI3597",0,NA,NA,NA
"C8_QI3586",0,NA,NA,NA
"C8_QI3593",0,NA,NA,NA
"C8_QI3596",0,NA,NA,NA
"C8_QI3625",0,NA,NA,NA
"C8_QI8611",-0.000839895467297584,NA,NA,NA
"C8_QI3642",0,NA,NA,NA
"C8_QI3679",0,NA,NA,NA
"C8_QI3698",0,NA,NA,NA
"C8_QI3711",0,NA,NA,NA
"C8_QI3727",0,NA,NA,NA
"C8_QI3712",0,NA,NA,NA
"C8_QI8521",-8.72227053108201e-05,NA,NA,NA
"C8_QI3733",0,NA,NA,NA
"C8_QI3736",0,NA,NA,NA
"C8_QI8486",0,NA,NA,NA
"C8_QI3749",0,NA,NA,NA
"C8_QI8480",0,NA,NA,NA
"C8_QI3773",0,NA,NA,NA
"C8_QI3827",0,NA,NA,NA
"C8_QI8378",0,NA,NA,NA
"C8_QI8396",0,NA,NA,NA
"C8_QI8377",0,NA,NA,NA
"C8_QI3864",0,NA,NA,NA
"C8_QI3844",0,NA,NA,NA
"C8_QI8372",0,NA,NA,NA
"C8_QI8365",0,NA,NA,NA
"C8_QI8356",0,NA,NA,NA
"C8_QI8355",0,NA,NA,NA
"C8_QI3892",0,NA,NA,NA
"C8_QI8346",0,NA,NA,NA
"C8_QI3912",0,NA,NA,NA
"C8_QI3917",0,NA,NA,NA
"C8_QI8305",0,NA,NA,NA
"C8_QI3934",0,NA,NA,NA
"C8_QI8300",0,NA,NA,NA
"C8_QI3940",0,NA,NA,NA
"C8_QI8261",0,NA,NA,NA
"C8_QI8262",0,NA,NA,NA
"C8_QI8230",0,NA,NA,NA
"C8_QI8223",0,NA,NA,NA
"C8_QI8226",0,NA,NA,NA
"C8_QI8191",0,NA,NA,NA
"C8_QI8179",0,NA,NA,NA
"C8_QI8178",0,NA,NA,NA
"C8_QI8154",0,NA,NA,NA
"C8_QI8146",0,NA,NA,NA
"C8_QI4143",0,NA,NA,NA
"C8_QI8066",0,NA,NA,NA
"C8_QI4198",0,NA,NA,NA
"C8_QI4215",0,NA,NA,NA
"C8_QI4216",0,NA,NA,NA
"C8_QI4212",0,NA,NA,NA
"C8_QI4230",0,NA,NA,NA
"C8_QI4267",0,NA,NA,NA
"C8_QI7976",0,NA,NA,NA
"C8_QI4273",0,NA,NA,NA
"C8_QI7945",0,NA,NA,NA
"C8_QI7928",0,NA,NA,NA
"C8_QI4323",0,NA,NA,NA
"C8_QI7915",0,NA,NA,NA
"C8_QI7917",0,NA,NA,NA
"C8_QI7914",0,NA,NA,NA
"C8_QI7909",0,NA,NA,NA
"C8_QI7895",0,NA,NA,NA
"C8_QI7890",0,NA,NA,NA
"C8_QI4346",0,NA,NA,NA
"C8_QI7880",0,NA,NA,NA
"C8_QI4414",0,NA,NA,NA
"C8_QI4444",0,NA,NA,NA
"C8_QI7777",0,NA,NA,NA
"C8_QI4470",0,NA,NA,NA
"C8_QI7760",0,NA,NA,NA
"C8_QI7749",0,NA,NA,NA
"C8_QI4495",0,NA,NA,NA
"C8_QI7731",0,NA,NA,NA
"C8_QI7730",0,NA,NA,NA
"C8_QI4526",0,NA,NA,NA
"C8_QI7716",0,NA,NA,NA
"C8_QI7673",0,NA,NA,NA
"C8_QI4570",0,NA,NA,NA
"C8_QI4578",0,NA,NA,NA
"C8_QI7655",0,NA,NA,NA
"C8_QI7657",0,NA,NA,NA
"C8_QI4588",0,NA,NA,NA
"C8_QI4593",0,NA,NA,NA
"C8_QI7644",0,NA,NA,NA
"C8_QI4625",0,NA,NA,NA
"C8_QI7585",0,NA,NA,NA
"C8_QI4669",0,NA,NA,NA
"C8_QI4682",0,NA,NA,NA
"C8_QI4796",0,NA,NA,NA
"C8_QI7444",0,NA,NA,NA
"C8_QI7365",0,NA,NA,NA
"C8_QI4927",0,NA,NA,NA
"C8_QI4967",0,NA,NA,NA
"C8_QI4968",0,NA,NA,NA
"C8_QI4974",0,NA,NA,NA
"C8_QI4993",0,NA,NA,NA
"C8_QI7229",0,NA,NA,NA
"C8_QI7182",0,NA,NA,NA
"C8_QI5061",0,NA,NA,NA
"C8_QI7164",0,NA,NA,NA
"C8_QI5103",0,NA,NA,NA
"C8_QI7126",-0.000152473307662182,NA,NA,NA
"C8_QI7099",0,NA,NA,NA
"C8_QI5143",0,NA,NA,NA
"C8_QI5159",0,NA,NA,NA
"C8_QI7085",0,NA,NA,NA
"C8_QI7070",0,NA,NA,NA
"C8_QI7031",0,NA,NA,NA
"C8_QI5208",0,NA,NA,NA
"C8_QI5232",-0.000422450470044811,NA,NA,NA
"C8_QI6978",0,NA,NA,NA
"C8_QI5288",0,NA,NA,NA
"C8_QI5338",0,NA,NA,NA
"C8_QI6885",0,NA,NA,NA
"C8_QI5367",-0.00132640124660561,NA,NA,NA
"C8_QI6845",0,NA,NA,NA
"C8_QI5445",0,NA,NA,NA
"C8_QI6743",0,NA,NA,NA
"C8_QI6599",0,NA,NA,NA
"C18_X15R.15.methyl.PGA2..iSTD.",0,NA,NA,NA
"C18_Capric.acid",0,NA,NA,NA
"C18_Lauric.acid",0,NA,NA,NA
"C18_Tridecylic.acid",0,NA,NA,NA
"C18_Myristic.acid",0,NA,NA,NA
"C18_Pentadecylic.acid",0,NA,NA,NA
"C18_Palmitic.acid",0,NA,NA,NA
"C18_Margaric.acid",0,NA,NA,NA
"C18_Stearic.acid",0,NA,NA,NA
"C18_Nonadecylic.acid",0,NA,NA,NA
"C18_Arachidic.acid",0,NA,NA,NA
"C18_X3.decenoic.acid",0,NA,NA,NA
"C18_X10.Hendecenoic.acid",0,NA,NA,NA
"C18_X5.Dodecenoic.acid",0,NA,NA,NA
"C18_Myristoleic.acid",0,NA,NA,NA
"C18_X10.Pentadecenoic.acid",0,NA,NA,NA
"C18_Palmitoleic.acid",0,NA,NA,NA
"C18_X10Z.Heptadecenoic.acid",0,NA,NA,NA
"C18_alpha.Linolenic.acid",0,NA,NA,NA
"C18_gamma.Linolenic.acid",0,NA,NA,NA
"C18_Linoleic.acid",0,NA,NA,NA
"C18_Oleic.acid",0,NA,NA,NA
"C18_Nonadeca.10Z.enoic.acid",0,NA,NA,NA
"C18_Eicosapentaenoic.acid",0,NA,NA,NA
"C18_Arachidonic.acid",0,NA,NA,NA
"C18_Eicosatrienoic.acid",0,NA,NA,NA
"C18_Eicosadienoic.acid",0,NA,NA,NA
"C18_Eicosenoic.acid",0,NA,NA,NA
"C18_Docosahexaenoic.acid",0,NA,NA,NA
"C18_Docosapentaenoic.acid..22n.6.",0,NA,NA,NA
"C18_Adrenic.acid",0,NA,NA,NA
"C18_cis.Erucic.acid",0,NA,NA,NA
"C18_Nervonic.acid",0,NA,NA,NA
"C18_X11.methyl.lauric.acid",0,NA,NA,NA
"C18_Xi.17.Methyloctadecanoic.acid",0,NA,NA,NA
"C18_X3.Methyladipic.acid",0,NA,NA,NA
"C18_Azelaic.acid",0,NA,NA,NA
"C18_Sebacic.acid",0,NA,NA,NA
"C18_Undecanedioic.acid",0,NA,NA,NA
"C18_Dodecanedioic.acid",0,NA,NA,NA
"C18_Tetradecanedioic.acid",0,NA,NA,NA
"C18_Hexadecanedioic.acid",0,NA,NA,NA
"C18_Eicosanedioic.acid",0,NA,NA,NA
"C18_X3S.Hydroxyhexanoic.acid",0,NA,NA,NA
"C18_X2.Hydroxyoctanoic.acid",0,NA,NA,NA
"C18_X3.Hydroxyoctanoic.acid",0,NA,NA,NA
"C18_X3.Hydroxydecanoic.acid",0,NA,NA,NA
"C18_X2.Hydroxymyristic.acid",0,NA,NA,NA
"C18_Juniperic.acid",0,NA,NA,NA
"C18_X2.Hydroxy.palmitic.acid",0,NA,NA,NA
"C18_X2.Hydroxystearic.acid",0,NA,NA,NA
"C18_Levulinic.acid",0,NA,NA,NA
"C18_X3.oxooctadecanoate",0,NA,NA,NA
"C18_X12.13.DiHOME",0,NA,NA,NA
"C18_X9.10.DiHOME",0,NA,NA,NA
"C18_X13.HODE",0,NA,NA,NA
"C18_X12.HETE",0,NA,NA,NA
"C18_X15.HETE",0,NA,NA,NA
"C18_Phytanic.acid",0,NA,NA,NA
"C18_X9.cis.Retinoic.acid",0,NA,NA,NA
"C18_Sphingosine.1.phosphate",0,NA,NA,NA
"C18_Chenodeoxycholic.acid",0,NA,NA,NA
"C18_Hyodeoxycholic.acid.or.Ursodeoxycholic.acid",0,NA,NA,NA
"C18_Cholic.acid",0,NA,NA,NA
"C18_Glycolithocholic.acid",0,NA,NA,NA
"C18_Glycoursodeoxycholic.acid",0,NA,NA,NA
"C18_Glycochenodeoxycholic.acid",0,NA,NA,NA
"C18_Glycocholic.acid",0,NA,NA,NA
"C18_Taurodeoxycholic.acid",0,NA,NA,NA
"C18_Taurochenodeoxycholic.acid",0,NA,NA,NA
"C18_Taurocholic.acid",0,NA,NA,NA
"C18_Androsterone.3.glucuronide",0,NA,NA,NA
"C18_Dehydroepiandrosterone.sulfate",0,NA,NA,NA
"C18_Pregnenolone.sulfate",0,NA,NA,NA
"C18_Salicyluric.acid",0,NA,NA,NA
"C18_Mandelic.acid",0,NA,NA,NA
"C18_Salicylic.acid",0,NA,NA,NA
"C18_p.Hydroxyphenylacetic.acid",0,NA,NA,NA
"C18_Theophylline",0,NA,NA,NA
"C18_Ribothymidine",0,NA,NA,NA
"C18_X2.Aminocaprylic.acid",0,NA,NA,NA
"C18_N.Formylmethionine",0,NA,NA,NA
"C18_alpha.N.Phenylacetylglutamine",0,NA,NA,NA
"C18_gamma.CEHC",0,NA,NA,NA
"C18_alpha.CEHC",0,NA,NA,NA
"C18_Saccharin",0,NA,NA,NA
"C18_Indoleacetic.acid",0,NA,NA,NA
"C18_Hydrocinnamic.acid",0,NA,NA,NA
"C18_Phenyllactic.acid",0,NA,NA,NA
"C18_carboxyibuprofen",0,NA,NA,NA
"C18_Oxypurinol",0,NA,NA,NA
"C18_QI08",0,NA,NA,NA
"C18_QI49",0,NA,NA,NA
"C18_QI63",0,NA,NA,NA
"C18_QI214",0,NA,NA,NA
"C18_QI317",0,NA,NA,NA
"C18_QI1370",0,NA,NA,NA
"C18_QI1466",0,NA,NA,NA
"C18_QI1419",0,NA,NA,NA
"C18_QI1516",0,NA,NA,NA
"C18_QI1939",0,NA,NA,NA
"C18_QI1596",0,NA,NA,NA
"C18_QI1601",0,NA,NA,NA
"C18_QI1618",0,NA,NA,NA
"C18_QI1621",0,NA,NA,NA
"C18_QI1622",0,NA,NA,NA
"C18_QI1606",0,NA,NA,NA
"C18_QI1610",0,NA,NA,NA
"C18_QI1615",0,NA,NA,NA
"C18_QI1617",0,NA,NA,NA
"C18_QI1624",0,NA,NA,NA
"C18_QI1627",0,NA,NA,NA
"C18_QI1628",0,NA,NA,NA
"C18_QI1630",0,NA,NA,NA
"C18_QI1633",0,NA,NA,NA
"C18_QI1635",0,NA,NA,NA
"C18_QI1638",0,NA,NA,NA
"C18_QI1648",0,NA,NA,NA
"C18_QI1649",0,NA,NA,NA
"C18_QI1651",0,NA,NA,NA
"C18_QI1652",0,NA,NA,NA
"C18_QI1655",0,NA,NA,NA
"C18_QI1657",0,NA,NA,NA
"C18_QI1665",0,NA,NA,NA
"C18_QI1669",0,NA,NA,NA
"C18_QI1674",0,NA,NA,NA
"C18_QI1675",0,NA,NA,NA
"C18_QI1678",0,NA,NA,NA
"C18_QI1684",0,NA,NA,NA
"C18_QI1687",0,NA,NA,NA
"C18_QI1707",0,NA,NA,NA
"C18_QI1710",0,NA,NA,NA
"C18_QI1718",0,NA,NA,NA
"C18_QI1720",0,NA,NA,NA
"C18_QI1721",0,NA,NA,NA
"C18_QI1722",0,NA,NA,NA
"C18_QI1727",0,NA,NA,NA
"C18_QI1729",0,NA,NA,NA
"C18_QI1731",0,NA,NA,NA
"C18_QI1735",0,NA,NA,NA
"C18_QI1745",0,NA,NA,NA
"C18_QI1746",0,NA,NA,NA
"C18_QI1780",0,NA,NA,NA
"C18_QI1784",0,NA,NA,NA
"C18_QI1714",0,NA,NA,NA
"C18_QI1716",0,NA,NA,NA
"C18_QI1723",0,NA,NA,NA
"C18_QI1724",0,NA,NA,NA
"C18_QI1726",0,NA,NA,NA
"C18_QI1733",0,NA,NA,NA
"C18_QI1737",0,NA,NA,NA
"C18_QI1740",0,NA,NA,NA
"C18_QI1742",0,NA,NA,NA
"C18_QI1748",0,NA,NA,NA
"C18_QI1752",0,NA,NA,NA
"C18_QI1755",0,NA,NA,NA
"C18_QI1761",0,NA,NA,NA
"C18_QI1764",0,NA,NA,NA
"C18_QI1787",0,NA,NA,NA
"C18_QI1790",0,NA,NA,NA
"C18_QI1792",0,NA,NA,NA
"C18_QI1799",0,NA,NA,NA
"C18_QI1800",0,NA,NA,NA
"C18_QI1802",0,NA,NA,NA
"C18_QI1809",0,NA,NA,NA
"C18_QI1811",0,NA,NA,NA
"C18_QI1813",0,NA,NA,NA
"C18_QI1819",0,NA,NA,NA
"C18_QI1820",0,NA,NA,NA
"C18_QI1821",0,NA,NA,NA
"C18_QI1822",0,NA,NA,NA
"C18_QI1827",0,NA,NA,NA
"C18_QI1829",0,NA,NA,NA
"C18_QI1834",0,NA,NA,NA
"C18_QI1838",0,NA,NA,NA
"C18_QI1843",0,NA,NA,NA
"C18_QI1856",0,NA,NA,NA
"C18_QI1794",0,NA,NA,NA
"C18_QI1797",0,NA,NA,NA
"C18_QI1812",0,NA,NA,NA
"C18_QI1818",0,NA,NA,NA
"C18_QI1831",0,NA,NA,NA
"C18_QI1914",0,NA,NA,NA
"C18_QI1919",0,NA,NA,NA
"C18_QI1935",0,NA,NA,NA
"C18_QI1936",0,NA,NA,NA
"C18_QI1940",0,NA,NA,NA
"C18_QI1941",0,NA,NA,NA
"C18_QI1944",0,NA,NA,NA
"C18_QI1945",0,NA,NA,NA
"C18_QI1947",0,NA,NA,NA
"C18_QI1950",0,NA,NA,NA
"C18_QI1951",0,NA,NA,NA
"C18_QI1953",0,NA,NA,NA
"C18_QI1976",0,NA,NA,NA
"C18_QI1979",0,NA,NA,NA
"C18_QI1981",0,NA,NA,NA
"C18_QI1984",0,NA,NA,NA
"C18_QI1985",0,NA,NA,NA
"C18_QI1892",0,NA,NA,NA
"C18_QI1894",0,NA,NA,NA
"C18_QI1898",0,NA,NA,NA
"C18_QI1900",0,NA,NA,NA
"C18_QI1903",0,NA,NA,NA
"C18_QI1904",0,NA,NA,NA
"C18_QI1907",0,NA,NA,NA
"C18_QI1908",0,NA,NA,NA
"C18_QI1912",0,NA,NA,NA
"C18_QI1913",0,NA,NA,NA
"C18_QI1917",0,NA,NA,NA
"C18_QI1928",0,NA,NA,NA
"C18_QI1956",0,NA,NA,NA
"C18_QI1960",0,NA,NA,NA
"C18_QI1965",0,NA,NA,NA
"C18_QI1966",0,NA,NA,NA
"C18_QI1993",0,NA,NA,NA
"C18_QI2020",0,NA,NA,NA
"C18_QI2040",0,NA,NA,NA
"C18_QI2044",0,NA,NA,NA
"C18_QI2048",0,NA,NA,NA
"C18_QI2049",0,NA,NA,NA
"C18_QI2050",0,NA,NA,NA
"C18_QI2051",0,NA,NA,NA
"C18_QI2054",0,NA,NA,NA
"C18_QI2055",0,NA,NA,NA
"C18_QI2069",0,NA,NA,NA
"C18_QI2076",0,NA,NA,NA
"C18_QI2086",0,NA,NA,NA
"C18_QI2092",0,NA,NA,NA
"C18_QI2099",0,NA,NA,NA
"C18_QI2100",0,NA,NA,NA
"C18_QI2102",0,NA,NA,NA
"C18_QI2106",0,NA,NA,NA
"C18_QI2117",0,NA,NA,NA
"C18_QI2028",0,NA,NA,NA
"C18_QI2030",0,NA,NA,NA
"C18_QI2035",0,NA,NA,NA
"C18_QI2061",0,NA,NA,NA
"C18_QI2063",0,NA,NA,NA
"C18_QI2064",0,NA,NA,NA
"C18_QI2067",0,NA,NA,NA
"C18_QI2068",0,NA,NA,NA
"C18_QI2072",0,NA,NA,NA
"C18_QI2081",0,NA,NA,NA
"C18_QI2082",0,NA,NA,NA
"C18_QI2083",0,NA,NA,NA
"C18_QI2084",0,NA,NA,NA
"C18_QI2089",0,NA,NA,NA
"C18_QI2110",0,NA,NA,NA
"C18_QI2132",0,NA,NA,NA
"C18_QI2135",0,NA,NA,NA
"C18_QI2137",0,NA,NA,NA
"C18_QI2139",0,NA,NA,NA
"C18_QI2142",0,NA,NA,NA
"C18_QI2161",0,NA,NA,NA
"C18_QI2163",0,NA,NA,NA
"C18_QI2172",0,NA,NA,NA
"C18_QI2180",0,NA,NA,NA
"C18_QI2181",0,NA,NA,NA
"C18_QI2182",0,NA,NA,NA
"C18_QI2185",0,NA,NA,NA
"C18_QI2188",0,NA,NA,NA
"C18_QI2190",0,NA,NA,NA
"C18_QI2201",0,NA,NA,NA
"C18_QI2145",0,NA,NA,NA
"C18_QI2148",0,NA,NA,NA
"C18_QI2149",0,NA,NA,NA
"C18_QI2151",0,NA,NA,NA
"C18_QI2153",0,NA,NA,NA
"C18_QI2156",0,NA,NA,NA
"C18_QI2167",0,NA,NA,NA
"C18_QI2171",0,NA,NA,NA
"C18_QI2175",0,NA,NA,NA
"C18_QI2177",0,NA,NA,NA
"C18_QI2214",0,NA,NA,NA
"C18_QI2225",0,NA,NA,NA
"C18_QI2244",0,NA,NA,NA
"C18_QI2249",0,NA,NA,NA
"C18_QI2259",0,NA,NA,NA
"C18_QI2263",0,NA,NA,NA
"C18_QI2273",0,NA,NA,NA
"C18_QI2239",0,NA,NA,NA
"C18_QI2250",0,NA,NA,NA
"C18_QI2251",0,NA,NA,NA
"C18_QI2252",0,NA,NA,NA
"C18_QI2277",0,NA,NA,NA
"C18_QI2284",0,NA,NA,NA
"C18_QI2288",0,NA,NA,NA
"C18_QI2256",0,NA,NA,NA
"C18_QI2264",0,NA,NA,NA
"C18_QI2266",0,NA,NA,NA
"C18_QI2269",0,NA,NA,NA
"C18_QI2301",0,NA,NA,NA
"C18_QI2314",0,NA,NA,NA
"C18_QI2320",0,NA,NA,NA
"C18_QI2351",0,NA,NA,NA
"C18_QI2357",0,NA,NA,NA
"C18_QI2359",0,NA,NA,NA
"C18_QI2361",0,NA,NA,NA
"C18_QI2374",0,NA,NA,NA
"C18_QI2378",0,NA,NA,NA
"C18_QI2379",0,NA,NA,NA
"C18_QI2381",0,NA,NA,NA
"C18_QI2390",0,NA,NA,NA
"C18_QI2391",0,NA,NA,NA
"C18_QI2394",0,NA,NA,NA
"C18_QI2348",0,NA,NA,NA
"C18_QI2365",0,NA,NA,NA
"C18_QI2368",0,NA,NA,NA
"C18_QI2387",0,NA,NA,NA
"C18_QI2388",0,NA,NA,NA
"C18_QI2397",0,NA,NA,NA
"C18_QI2450",0,NA,NA,NA
"C18_QI2453",0,NA,NA,NA
"C18_QI2455",0,NA,NA,NA
"C18_QI2456",0,NA,NA,NA
"C18_QI2460",0,NA,NA,NA
"C18_QI2462",0,NA,NA,NA
"C18_QI2468",0,NA,NA,NA
"C18_QI2478",0,NA,NA,NA
"C18_QI2482",0,NA,NA,NA
"C18_QI2489",0,NA,NA,NA
"C18_QI2490",0,NA,NA,NA
"C18_QI2503",0,NA,NA,NA
"C18_QI2504",0,NA,NA,NA
"C18_QI2505",0,NA,NA,NA
"C18_QI2517",0,NA,NA,NA
"C18_QI2519",0,NA,NA,NA
"C18_QI2526",0,NA,NA,NA
"C18_QI2617",0,NA,NA,NA
"C18_QI2634",0,NA,NA,NA
"C18_QI2642",0,NA,NA,NA
"C18_QI2660",0,NA,NA,NA
"C18_QI2681",0,NA,NA,NA
"C18_QI2619",0,NA,NA,NA
"C18_QI2766",0,NA,NA,NA
"C18_QI2829",0,NA,NA,NA
"C18_QI2850",0,NA,NA,NA
"C18_QI2764",0,NA,NA,NA
"C18_QI2769",0,NA,NA,NA
"C18_QI2782",0,NA,NA,NA
"C18_QI2788",0,NA,NA,NA
"C18_QI2790",0,NA,NA,NA
"C18_QI2792",0,NA,NA,NA
"C18_QI2794",0,NA,NA,NA
"C18_QI2801",0,NA,NA,NA
"C18_QI2802",0,NA,NA,NA
"C18_QI2815",0,NA,NA,NA
"C18_QI2820",0,NA,NA,NA
"C18_QI2821",0,NA,NA,NA
"C18_QI2826",0,NA,NA,NA
"C18_QI2830",0,NA,NA,NA
"C18_QI2835",0,NA,NA,NA
"C18_QI2840",0,NA,NA,NA
"C18_QI2861",0,NA,NA,NA
"C18_QI2868",0,NA,NA,NA
"C18_QI2870",0,NA,NA,NA
"C18_QI2874",0,NA,NA,NA
"C18_QI2897",0,NA,NA,NA
"C18_QI2899",0,NA,NA,NA
"C18_QI2903",0,NA,NA,NA
"C18_QI2905",0,NA,NA,NA
"C18_QI2907",0,NA,NA,NA
"C18_QI2911",0,NA,NA,NA
"C18_QI2912",0,NA,NA,NA
"C18_QI2916",0,NA,NA,NA
"C18_QI2925",0,NA,NA,NA
"C18_QI2833",0,NA,NA,NA
"C18_QI2834",0,NA,NA,NA
"C18_QI2836",0,NA,NA,NA
"C18_QI2837",0,NA,NA,NA
"C18_QI2838",0,NA,NA,NA
"C18_QI2839",0,NA,NA,NA
"C18_QI2845",0,NA,NA,NA
"C18_QI2865",0,NA,NA,NA
"C18_QI2866",0,NA,NA,NA
"C18_QI2867",0,NA,NA,NA
"C18_QI2869",0,NA,NA,NA
"C18_QI2873",0,NA,NA,NA
"C18_QI2875",0,NA,NA,NA
"C18_QI2876",0,NA,NA,NA
"C18_QI2879",0,NA,NA,NA
"C18_QI2922",0,NA,NA,NA
"C18_QI2927",0,NA,NA,NA
"C18_QI2931",0,NA,NA,NA
"C18_QI2944",0,NA,NA,NA
"C18_QI2949",0,NA,NA,NA
"C18_QI2958",0,NA,NA,NA
"C18_QI2961",0,NA,NA,NA
"C18_QI2970",0,NA,NA,NA
"C18_QI3003",0,NA,NA,NA
"C18_QI3005",0,NA,NA,NA
"C18_QI3035",0,NA,NA,NA
"C18_QI3039",0,NA,NA,NA
"C18_QI3065",0,NA,NA,NA
"C18_QI3018",0,NA,NA,NA
"C18_QI3021",0,NA,NA,NA
"C18_QI3026",0,NA,NA,NA
"C18_QI3029",0,NA,NA,NA
"C18_QI3063",0,NA,NA,NA
"C18_QI3091",0,NA,NA,NA
"C18_QI3161",0,NA,NA,NA
"C18_QI3167",0,NA,NA,NA
"C18_QI3189",0,NA,NA,NA
"C18_QI3197",0,NA,NA,NA
"C18_QI3217",0,NA,NA,NA
"C18_QI3070",0,NA,NA,NA
"C18_QI3082",0,NA,NA,NA
"C18_QI3105",0,NA,NA,NA
"C18_QI3135",0,NA,NA,NA
"C18_QI3142",0,NA,NA,NA
"C18_QI3188",0,NA,NA,NA
"C18_QI3246",0,NA,NA,NA
"C18_QI3247",0,NA,NA,NA
"C18_QI3259",0,NA,NA,NA
"C18_QI3265",0,NA,NA,NA
"C18_QI3267",0,NA,NA,NA
"C18_QI3269",0,NA,NA,NA
"C18_QI3286",0,NA,NA,NA
"C18_QI3292",0,NA,NA,NA
"C18_QI3299",0,NA,NA,NA
"C18_QI3314",0,NA,NA,NA
"C18_QI3320",0,NA,NA,NA
"C18_QI3334",0,NA,NA,NA
"C18_QI3337",0,NA,NA,NA
"C18_QI3345",0,NA,NA,NA
"C18_QI3359",0,NA,NA,NA
"C18_QI3363",0,NA,NA,NA
"C18_QI3375",0,NA,NA,NA
"C18_QI3240",0,NA,NA,NA
"C18_QI3242",0,NA,NA,NA
"C18_QI3251",0,NA,NA,NA
"C18_QI3252",0,NA,NA,NA
"C18_QI3254",0,NA,NA,NA
"C18_QI3256",0,NA,NA,NA
"C18_QI3276",0,NA,NA,NA
"C18_QI3277",0,NA,NA,NA
"C18_QI3280",0,NA,NA,NA
"C18_QI3282",0,NA,NA,NA
"C18_QI3291",0,NA,NA,NA
"C18_QI3295",0,NA,NA,NA
"C18_QI3309",0,NA,NA,NA
"C18_QI3316",0,NA,NA,NA
"C18_QI3325",0,NA,NA,NA
"C18_QI3327",0,NA,NA,NA
"C18_QI3394",0,NA,NA,NA
"C18_QI3434",0,NA,NA,NA
"C18_QI3484",0,NA,NA,NA
"C18_QI3630",0,NA,NA,NA
"C18_QI3649",0,NA,NA,NA
"C18_QI3653",0,NA,NA,NA
"C18_QI3659",0,NA,NA,NA
"C18_QI3664",0,NA,NA,NA
"C18_QI3665",0,NA,NA,NA
"C18_QI3666",0,NA,NA,NA
"C18_QI3670",0,NA,NA,NA
"C18_QI3671",0,NA,NA,NA
"C18_QI3678",0,NA,NA,NA
"C18_QI3681",0,NA,NA,NA
"C18_QI3698",0,NA,NA,NA
"C18_QI3699",0,NA,NA,NA
"C18_QI3700",0,NA,NA,NA
"C18_QI3719",0,NA,NA,NA
"C18_QI3720",0,NA,NA,NA
"C18_QI3721",0,NA,NA,NA
"C18_QI3728",0,NA,NA,NA
"C18_QI3730",0,NA,NA,NA
"C18_QI3733",0,NA,NA,NA
"C18_QI3735",0,NA,NA,NA
"C18_QI3739",0,NA,NA,NA
"C18_QI3748",0,NA,NA,NA
"C18_QI3749",0,NA,NA,NA
"C18_QI3754",0,NA,NA,NA
"C18_QI3756",0,NA,NA,NA
"C18_QI3758",0,NA,NA,NA
"C18_QI3766",0,NA,NA,NA
"C18_QI3769",0,NA,NA,NA
"C18_QI3797",0,NA,NA,NA
"C18_QI3807",0,NA,NA,NA
"C18_QI3836",0,NA,NA,NA
"C18_QI3852",0,NA,NA,NA
"C18_QI3910",0,NA,NA,NA
"C18_QI3914",0,NA,NA,NA
"C18_QI3622",0,NA,NA,NA
"C18_QI3625",0,NA,NA,NA
"C18_QI3627",0,NA,NA,NA
"C18_QI3631",0,NA,NA,NA
"C18_QI3633",0,NA,NA,NA
"C18_QI3640",0,NA,NA,NA
"C18_QI3650",0,NA,NA,NA
"C18_QI3651",0,NA,NA,NA
"C18_QI3655",0,NA,NA,NA
"C18_QI3662",0,NA,NA,NA
"C18_QI3663",0,NA,NA,NA
"C18_QI3668",0,NA,NA,NA
"C18_QI3677",0,NA,NA,NA
"C18_QI3685",0,NA,NA,NA
"C18_QI3695",0,NA,NA,NA
"C18_QI3715",0,NA,NA,NA
"C18_QI3716",0,NA,NA,NA
"C18_QI3717",0,NA,NA,NA
"C18_QI3718",0,NA,NA,NA
"C18_QI3722",0,NA,NA,NA
"C18_QI3724",0,NA,NA,NA
"C18_QI3725",0,NA,NA,NA
"C18_QI3744",0,NA,NA,NA
"C18_QI3746",0,NA,NA,NA
"C18_QI3751",0,NA,NA,NA
"C18_QI3752",0,NA,NA,NA
"C18_QI3753",0,NA,NA,NA
"C18_QI3759",0,NA,NA,NA
"C18_QI3762",0,NA,NA,NA
"C18_QI3781",0,NA,NA,NA
"C18_QI3782",0,NA,NA,NA
"C18_QI3784",0,NA,NA,NA
"C18_QI3785",0,NA,NA,NA
"C18_QI3786",0,NA,NA,NA
"C18_QI3788",0,NA,NA,NA
"C18_QI3791",0,NA,NA,NA
"C18_QI3792",0,NA,NA,NA
"C18_QI3798",0,NA,NA,NA
"C18_QI3799",0,NA,NA,NA
"C18_QI3801",0,NA,NA,NA
"C18_QI3841",0,NA,NA,NA
"C18_QI3847",0,NA,NA,NA
"C18_QI3897",0,NA,NA,NA
"C18_QI3898",0,NA,NA,NA
"C18_QI3634",0,NA,NA,NA
"C18_QI3643",0,NA,NA,NA
"C18_QI4089",0,NA,NA,NA
"C18_QI4090",0,NA,NA,NA
"C18_QI4091",0,NA,NA,NA
"C18_QI4096",0,NA,NA,NA
"C18_QI4099",0,NA,NA,NA
"C18_QI4100",0,NA,NA,NA
"C18_QI4109",0,NA,NA,NA
"C18_QI4111",0,NA,NA,NA
"C18_QI4113",0,NA,NA,NA
"C18_QI4119",0,NA,NA,NA
"C18_QI4120",0,NA,NA,NA
"C18_QI4121",0,NA,NA,NA
"C18_QI4122",0,NA,NA,NA
"C18_QI4124",0,NA,NA,NA
"C18_QI4126",0,NA,NA,NA
"C18_QI4127",0,NA,NA,NA
"C18_QI4128",0,NA,NA,NA
"C18_QI4129",0,NA,NA,NA
"C18_QI4130",0,NA,NA,NA
"C18_QI4135",0,NA,NA,NA
"C18_QI4136",0,NA,NA,NA
"C18_QI4137",0,NA,NA,NA
"C18_QI4138",0,NA,NA,NA
"C18_QI4141",0,NA,NA,NA
"C18_QI4142",0,NA,NA,NA
"C18_QI4143",0,NA,NA,NA
"C18_QI4164",0,NA,NA,NA
"C18_QI4165",0,NA,NA,NA
"C18_QI4166",0,NA,NA,NA
"C18_QI4189",0,NA,NA,NA
"C18_QI4191",0,NA,NA,NA
"C18_QI4197",0,NA,NA,NA
"C18_QI4198",0,NA,NA,NA
"C18_QI4199",0,NA,NA,NA
"C18_QI4200",0,NA,NA,NA
"C18_QI4201",0,NA,NA,NA
"C18_QI4227",0,NA,NA,NA
"C18_QI4229",0,NA,NA,NA
"C18_QI4242",0,NA,NA,NA
"C18_QI4243",0,NA,NA,NA
"C18_QI4271",0,NA,NA,NA
"C18_QI4278",0,NA,NA,NA
"C18_QI4286",0,NA,NA,NA
"C18_QI4287",0,NA,NA,NA
"C18_QI4288",0,NA,NA,NA
"C18_QI4289",0,NA,NA,NA
"C18_QI4301",0,NA,NA,NA
"C18_QI4302",0,NA,NA,NA
"C18_QI4304",0,NA,NA,NA
"C18_QI4329",0,NA,NA,NA
"C18_QI4330",0,NA,NA,NA
"C18_QI4341",0,NA,NA,NA
"C18_QI4343",0,NA,NA,NA
"C18_QI4344",0,NA,NA,NA
"C18_QI4382",0,NA,NA,NA
"C18_QI4454",0,NA,NA,NA
"C18_QI4087",0,NA,NA,NA
"C18_QI4094",0,NA,NA,NA
"C18_QI4095",0,NA,NA,NA
"C18_QI4103",0,NA,NA,NA
"C18_QI4107",0,NA,NA,NA
"C18_QI4123",0,NA,NA,NA
"C18_QI4125",0,NA,NA,NA
"C18_QI4139",0,NA,NA,NA
"C18_QI4144",0,NA,NA,NA
"C18_QI4154",0,NA,NA,NA
"C18_QI4157",0,NA,NA,NA
"C18_QI4158",0,NA,NA,NA
"C18_QI4161",0,NA,NA,NA
"C18_QI4167",0,NA,NA,NA
"C18_QI4182",0,NA,NA,NA
"C18_QI4184",0,NA,NA,NA
"C18_QI4192",0,NA,NA,NA
"C18_QI4487",0,NA,NA,NA
"C18_QI4491",0,NA,NA,NA
"C18_QI4484",0,NA,NA,NA
"C18_QI4496",0,NA,NA,NA
"C18_QI4563",0,NA,NA,NA
"C18_QI4566",0,NA,NA,NA
"C18_QI4567",0,NA,NA,NA
"C18_QI4573",0,NA,NA,NA
"C18_QI4613",0,NA,NA,NA
"C18_QI4622",0,NA,NA,NA
"C18_QI4640",0,NA,NA,NA
"C18_QI4641",0,NA,NA,NA
"C18_QI4607",0,NA,NA,NA
"C18_QI4608",0,NA,NA,NA
"C18_QI4612",0,NA,NA,NA
"C18_QI4629",0,NA,NA,NA
"C18_QI4632",0,NA,NA,NA
"C18_QI4633",0,NA,NA,NA
"C18_QI4636",0,NA,NA,NA
"C18_QI4644",0,NA,NA,NA
"C18_QI4697",0,NA,NA,NA
"C18_QI4765",0,NA,NA,NA
"C18_QI4694",0,NA,NA,NA
"C18_QI4706",0,NA,NA,NA
"C18_QI4720",0,NA,NA,NA
"C18_QI4731",0,NA,NA,NA
"C18_QI4711",0,NA,NA,NA
"C18_QI4714",0,NA,NA,NA
"C18_QI4798",0,NA,NA,NA
"C18_QI4788",0,NA,NA,NA
"C18_QI4822",0,NA,NA,NA
"C18_QI4824",0,NA,NA,NA
"C18_QI4828",0,NA,NA,NA
"C18_QI4829",0,NA,NA,NA
"C18_QI4899",0,NA,NA,NA
"C18_QI4904",0,NA,NA,NA
"C18_QI4906",0,NA,NA,NA
"C18_QI4902",0,NA,NA,NA
"C18_QI4908",0,NA,NA,NA
"C18_QI4920",0,NA,NA,NA
"C18_QI4921",0,NA,NA,NA
"C18_QI4922",0,NA,NA,NA
"C18_QI4979",0,NA,NA,NA
"C18_QI5050",0,NA,NA,NA
"C18_QI5053",0,NA,NA,NA
"C18_QI5073",0,NA,NA,NA
"C18_QI5015",0,NA,NA,NA
"C18_QI5043",0,NA,NA,NA
"C18_QI5059",0,NA,NA,NA
"C18_QI5065",0,NA,NA,NA
"C18_QI5085",0,NA,NA,NA
"C18_QI5346",0,NA,NA,NA
"C18_QI5011",0,NA,NA,NA
"C18_QI5038",0,NA,NA,NA
"C18_QI5352",0,NA,NA,NA
"C18_QI5353",0,NA,NA,NA
"C18_QI5466",0,NA,NA,NA
"C18_QI5505",0,NA,NA,NA
"C18_QI5500",0,NA,NA,NA
"C18_QI5597",0,NA,NA,NA
"C18_QI5610",0,NA,NA,NA
"C18_QI5615",0,NA,NA,NA
"C18_QI5641",0,NA,NA,NA
"C18_QI5645",0,NA,NA,NA
"C18_QI5647",0,NA,NA,NA
"C18_QI5653",0,NA,NA,NA
"C18_QI5747",0,NA,NA,NA
"C18_QI5820",0,NA,NA,NA
"C18_QI5802",0,NA,NA,NA
"C18_QI5834",0,NA,NA,NA
"C18_QI5838",0,NA,NA,NA
"C18_QI5845",0,NA,NA,NA
"C18_QI5847",0,NA,NA,NA
"C18_QI5869",0,NA,NA,NA
"C18_QI5867",0,NA,NA,NA
"C18_QI5868",0,NA,NA,NA
"C18_QI5904",0,NA,NA,NA
"C18_QI5924",0,NA,NA,NA
"C18_QI5933",0,NA,NA,NA
"C18_QI6008",0,NA,NA,NA
"C18_QI6019",0,NA,NA,NA
"C18_QI6029",0,NA,NA,NA
"C18_QI6053",0,NA,NA,NA
"C18_QI6107",0,NA,NA,NA
"C18_QI6135",0,NA,NA,NA
"C18_QI6153",0,NA,NA,NA
"C18_QI6304",0,NA,NA,NA
"C18_QI6218",0,NA,NA,NA
"C18_QI6219",0,NA,NA,NA
"C18_QI6229",0,NA,NA,NA
"C18_QI6247",0,NA,NA,NA
"C18_QI6284",0,NA,NA,NA
"C18_QI6317",0,NA,NA,NA
"C18_QI6310",0,NA,NA,NA
"C18_QI6434",0,NA,NA,NA
"C18_QI6452",0,NA,NA,NA
"C18_QI6468",0,NA,NA,NA
"C18_QI6495",0,NA,NA,NA
"C18_QI6551",0,NA,NA,NA
"C18_QI6391",0,NA,NA,NA
"C18_QI6406",0,NA,NA,NA
"C18_QI6417",0,NA,NA,NA
"C18_QI6437",0,NA,NA,NA
"C18_QI6447",0,NA,NA,NA
"C18_QI6456",0,NA,NA,NA
"C18_QI6457",0,NA,NA,NA
"C18_QI6472",0,NA,NA,NA
"C18_QI6681",0,NA,NA,NA
"C18_QI6686",0,NA,NA,NA
"C18_QI6702",0,NA,NA,NA
"C18_QI6708",0,NA,NA,NA
"C18_QI6715",0,NA,NA,NA
"C18_QI6717",0,NA,NA,NA
"C18_QI6722",0,NA,NA,NA
"C18_QI6723",0,NA,NA,NA
"C18_QI6727",0,NA,NA,NA
"C18_QI6739",0,NA,NA,NA
"C18_QI6749",0,NA,NA,NA
"C18_QI6751",0,NA,NA,NA
"C18_QI6772",0,NA,NA,NA
"C18_QI6778",0,NA,NA,NA
"C18_QI6781",0,NA,NA,NA
"C18_QI6795",0,NA,NA,NA
"C18_QI6816",0,NA,NA,NA
"C18_QI6712",0,NA,NA,NA
"C18_QI6713",0,NA,NA,NA
"C18_QI6691",0,NA,NA,NA
"C18_QI6724",0,NA,NA,NA
"C18_QI6839",0,NA,NA,NA
"C18_QI6958",0,NA,NA,NA
"C18_QI6968",0,NA,NA,NA
"C18_QI7010",0,NA,NA,NA
"C18_QI7344",0,NA,NA,NA
"C18_QI7454",0,NA,NA,NA
"C18_QI7528",0,NA,NA,NA
"C18_QI7657",0,NA,NA,NA
"C18_QI7660",0,NA,NA,NA
"C18_QI7764",0,NA,NA,NA
"C18_QI7768",0,NA,NA,NA
"C18_QI7770",0,NA,NA,NA
"C18_QI7807",0,NA,NA,NA
"C18_QI7929",0,NA,NA,NA
"C18_QI8066",0,NA,NA,NA
"C18_QI8149",0,NA,NA,NA
"C18_QI8155",0,NA,NA,NA
"C18_QI8156",0,NA,NA,NA
"C18_QI8532",0,NA,NA,NA
"C18_QI8738",0,NA,NA,NA
"C18_QI8740",0,NA,NA,NA
"C18_QI8752",0,NA,NA,NA
"C18_QI8999",0,NA,NA,NA
"C18_QI9147",0,NA,NA,NA
"C18_QI9158",0,NA,NA,NA
"C18_QI9159",0,NA,NA,NA
"C18_QI42616",0,NA,NA,NA
"C18_QI42794",0,NA,NA,NA
"C18_QI42815",0,NA,NA,NA
"C18_QI42856",0,NA,NA,NA
"C18_QI42858",0,NA,NA,NA
"C18_QI42898",0,NA,NA,NA
"C18_QI42964",0,NA,NA,NA
"C18_QI43097",0,NA,NA,NA
"C18_QI43137",0,NA,NA,NA
"C18_QI43168",0,NA,NA,NA
"C18_QI43340",0,NA,NA,NA
"C18_QI43453",0,NA,NA,NA
"C18_QI43460",0,NA,NA,NA
"C18_QI43497",0,NA,NA,NA
"C18_QI43725",0,NA,NA,NA
"C18_QI43827",0,NA,NA,NA
"C18_QI43883",0,NA,NA,NA
"C18_QI44189",0,NA,NA,NA
"C18_QI44252",0,NA,NA,NA
"C18_QI44575",0,NA,NA,NA
"C18_QI44961",0,NA,NA,NA
"C18_QI45153",0,NA,NA,NA
"C18_QI45156",0,NA,NA,NA
"C18_QI45196",0,NA,NA,NA
"C18_QI45224",0,NA,NA,NA
"C18_QI45225",0,NA,NA,NA
"C18_QI45208",0,NA,NA,NA
"C18_QI45213",0,NA,NA,NA
"C18_QI45258",0,NA,NA,NA
"C18_QI45422",0,NA,NA,NA
"C18_QI45451",0,NA,NA,NA
"C18_QI45497",0,NA,NA,NA
"C18_QI45504",0,NA,NA,NA
"C18_QI45506",0,NA,NA,NA
"C18_QI45507",0,NA,NA,NA
"C18_QI45522",0,NA,NA,NA
"C18_QI45554",0,NA,NA,NA
"C18_QI45571",0,NA,NA,NA
"C18_QI45649",0,NA,NA,NA
"C18_QI45684",0,NA,NA,NA
"C18_QI45691",0,NA,NA,NA
"C18_QI45694",0,NA,NA,NA
"C18_QI45798",0,NA,NA,NA
"C18_QI45841",0,NA,NA,NA
"C18_QI45845",0,NA,NA,NA
"C18_QI45858",0,NA,NA,NA
"C18_QI45896",0,NA,NA,NA
"C18_QI45978",0,NA,NA,NA
"C18_QI45984",0,NA,NA,NA
"C18_QI45966",0,NA,NA,NA
"C18_QI46003",0,NA,NA,NA
"C18_QI46051",0,NA,NA,NA
"C18_QI46362",0,NA,NA,NA
"C18_QI46395",0,NA,NA,NA
"C18_QI46396",0,NA,NA,NA
"C18_QI46460",0,NA,NA,NA
"C18_QI46534",0,NA,NA,NA
"C18_QI46671",0,NA,NA,NA
"C18_QI46781",0,NA,NA,NA
"C18_QI46812",0,NA,NA,NA
"C18_QI46820",0,NA,NA,NA
"C18_QI46972",0,NA,NA,NA
"C18_QI46993",0,NA,NA,NA
"C18_QI47093",0,NA,NA,NA
"C18_QI47166",0,NA,NA,NA
"C18_QI47324",0,NA,NA,NA
"C18_QI47391",0,NA,NA,NA
"C18_QI47418",0,NA,NA,NA
"C18_QI47435",0,NA,NA,NA
"C18_QI47464",0,NA,NA,NA
"C18_QI47591",0,NA,NA,NA
"C18_QI47630",0,NA,NA,NA
"C18_QI47729",0,NA,NA,NA
"C18_QI47734",0,NA,NA,NA
"C18_QI47798",0,NA,NA,NA
"C18_QI47845",0,NA,NA,NA
"C18_QI47896",0,NA,NA,NA
"C18_QI47909",0,NA,NA,NA
"C18_QI47906",0,NA,NA,NA
"C18_QI47962",0,NA,NA,NA
"C18_QI48104",0,NA,NA,NA
"C18_QI48139",0,NA,NA,NA
"C18_QI48193",0,NA,NA,NA
"C18_QI48261",0,NA,NA,NA
"C18_QI48262",0,NA,NA,NA
"C18_QI48292",0,NA,NA,NA
"C18_QI48289",0,NA,NA,NA
"C18_QI48314",0,NA,NA,NA
"C18_QI48400",0,NA,NA,NA
"C18_QI48478",0,NA,NA,NA
"C18_QI48508",0,NA,NA,NA
"C18_QI48533",0,NA,NA,NA
"C18_QI48491",0,NA,NA,NA
"C18_QI48571",0,NA,NA,NA
"C18_QI48595",0,NA,NA,NA
"C18_QI48709",0,NA,NA,NA
"C18_QI48720",0,NA,NA,NA
"C18_QI48742",0,NA,NA,NA
"C18_QI48747",0,NA,NA,NA
"C18_QI48740",0,NA,NA,NA
"C18_QI48793",0,NA,NA,NA
"C18_QI48888",0,NA,NA,NA
"C18_QI49033",0,NA,NA,NA
"C18_QI49137",0,NA,NA,NA
"C18_QI49183",0,NA,NA,NA
"C18_QI49184",0,NA,NA,NA
"C18_QI49204",0,NA,NA,NA
"C18_QI49308",0,NA,NA,NA
"C18_QI49396",0,NA,NA,NA
"C18_QI49422",0,NA,NA,NA
"C18_QI49448",0,NA,NA,NA
"C18_QI49479",0,NA,NA,NA
"C18_QI49531",0,NA,NA,NA
"C18_QI49537",0,NA,NA,NA
"C18_QI49695",0,NA,NA,NA
"C18_QI49700",0,NA,NA,NA
"C18_QI49706",0,NA,NA,NA
"C18_QI49710",0,NA,NA,NA
"C18_QI49714",0,NA,NA,NA
"C18_QI49716",0,NA,NA,NA
"C18_QI49720",0,NA,NA,NA
"C18_QI49721",0,NA,NA,NA
"C18_QI49730",0,NA,NA,NA
"C18_QI49733",0,NA,NA,NA
"C18_QI49810",0,NA,NA,NA
"C18_QI49823",0,NA,NA,NA
"C18_QI50070",0,NA,NA,NA
"C18_QI50074",0,NA,NA,NA
"C18_QI50114",0,NA,NA,NA
"C18_QI50116",0,NA,NA,NA
"C18_QI50115",0,NA,NA,NA
"C18_QI50120",0,NA,NA,NA
"C18_QI50134",0,NA,NA,NA
"C18_QI50204",0,NA,NA,NA
"C18_QI50200",0,NA,NA,NA
"C18_QI50248",0,NA,NA,NA
"C18_QI50256",0,NA,NA,NA
"C18_QI50330",0,NA,NA,NA
"C18_QI50411",0,NA,NA,NA
"C18_QI50562",0,NA,NA,NA
"C18_QI50565",0,NA,NA,NA
"C18_QI50652",0,NA,NA,NA
"C18_QI50684",0,NA,NA,NA
"C18_QI50690",0,NA,NA,NA
"C18_QI50695",0,NA,NA,NA
"C18_QI50765",0,NA,NA,NA
"C18_QI50828",0,NA,NA,NA
"C18_QI50853",0,NA,NA,NA
"C18_QI50831",0,NA,NA,NA
"C18_QI50913",0,NA,NA,NA
"C18_QI50924",0,NA,NA,NA
"C18_QI50931",0,NA,NA,NA
"C18_QI50973",0,NA,NA,NA
"C18_QI51008",0,NA,NA,NA
"C18_QI51001",0,NA,NA,NA
"C18_QI51002",0,NA,NA,NA
"C18_QI51126",0,NA,NA,NA
"C18_QI51372",0,NA,NA,NA
"C18_QI51398",0,NA,NA,NA
"C18_QI51399",0,NA,NA,NA
"C18_QI51430",0,NA,NA,NA
"C18_QI51508",0,NA,NA,NA
"C18_QI51532",0,NA,NA,NA
"C18_QI51541",0,NA,NA,NA
"C18_QI51664",0,NA,NA,NA
"C18_QI51686",0,NA,NA,NA
"C18_QI51714",0,NA,NA,NA
"C18_QI51880",0,NA,NA,NA
"C18_QI51881",0,NA,NA,NA
"C18_QI51925",0,NA,NA,NA
"C18_QI51927",0,NA,NA,NA
"C18_QI51932",0,NA,NA,NA
"C18_QI51933",0,NA,NA,NA
"C18_QI51943",0,NA,NA,NA
"C18_QI51944",0,NA,NA,NA
"C18_QI51922",0,NA,NA,NA
"C18_QI51979",0,NA,NA,NA
"C18_QI51981",0,NA,NA,NA
"C18_QI52077",0,NA,NA,NA
"C18_QI52082",0,NA,NA,NA
"C18_QI52090",0,NA,NA,NA
"C18_QI52131",0,NA,NA,NA
"C18_QI52180",0,NA,NA,NA
"C18_QI52231",0,NA,NA,NA
"C18_QI52296",0,NA,NA,NA
"C18_QI52279",0,NA,NA,NA
"C18_QI52389",0,NA,NA,NA
"C18_QI52409",0,NA,NA,NA
"C18_QI52413",0,NA,NA,NA
"C18_QI52414",0,NA,NA,NA
"C18_QI52419",0,NA,NA,NA
"C18_QI52423",0,NA,NA,NA
"C18_QI52425",0,NA,NA,NA
"C18_QI52430",0,NA,NA,NA
"C18_QI52576",0,NA,NA,NA
"C18_QI52591",0,NA,NA,NA
"C18_QI52700",0,NA,NA,NA
"C18_QI52725",0,NA,NA,NA
"C18_QI52734",0,NA,NA,NA
"C18_QI52949",0,NA,NA,NA
"C18_QI53175",0,NA,NA,NA
"C18_QI53254",0,NA,NA,NA
"C18_QI53328",0,NA,NA,NA
"C18_QI53330",0,NA,NA,NA
"C18_QI53457",0,NA,NA,NA
"C18_QI53499",0,NA,NA,NA
"C18_QI53546",0,NA,NA,NA
"C18_QI53697",0,NA,NA,NA
"C18_QI53682",0,NA,NA,NA
"C18_QI53715",0,NA,NA,NA
"C18_QI53717",0,NA,NA,NA
"C18_QI53770",0,NA,NA,NA
"C18_QI53774",0,NA,NA,NA
"C18_QI53782",0,NA,NA,NA
"C18_QI53775",0,NA,NA,NA
"C18_QI53809",0,NA,NA,NA
"C18_QI54018",0,NA,NA,NA
"C18_QI54028",0,NA,NA,NA
"C18_QI54060",0,NA,NA,NA
"C18_QI54089",0,NA,NA,NA
"C18_QI54112",0,NA,NA,NA
"C18_QI54130",0,NA,NA,NA
"C18_QI54298",0,NA,NA,NA
"C18_QI54341",0,NA,NA,NA
"C18_QI54342",0,NA,NA,NA
"C18_QI54343",0,NA,NA,NA
"C18_QI54344",0,NA,NA,NA
"C18_QI54398",0,NA,NA,NA
"C18_QI54537",0,NA,NA,NA
"C18_QI54558",0,NA,NA,NA
"C18_QI54592",0,NA,NA,NA
"C18_QI54607",0,NA,NA,NA
"C18_QI54616",0,NA,NA,NA
"C18_QI54635",0,NA,NA,NA
"C18_QI54690",0,NA,NA,NA
"C18_QI54771",0,NA,NA,NA
"C18_QI54855",0,NA,NA,NA
"C18_QI54921",0,NA,NA,NA
"C18_QI54926",0,NA,NA,NA
"C18_QI54931",0,NA,NA,NA
"C18_QI55020",0,NA,NA,NA
"C18_QI55041",0,NA,NA,NA
"C18_QI55275",0,NA,NA,NA
"C18_QI55247",0,NA,NA,NA
"C18_QI55371",0,NA,NA,NA
"C18_QI55377",0,NA,NA,NA
"C18_QI55427",0,NA,NA,NA
"C18_QI55432",0,NA,NA,NA
"C18_QI55449",0,NA,NA,NA
"C18_QI55447",0,NA,NA,NA
"C18_QI55537",0,NA,NA,NA
"C18_QI55575",0,NA,NA,NA
"C18_QI55576",0,NA,NA,NA
"C18_QI55582",0,NA,NA,NA
"C18_QI55656",0,NA,NA,NA
"C18_QI55863",0,NA,NA,NA
"C18_QI55922",0,NA,NA,NA
"C18_QI55929",0,NA,NA,NA
"C18_QI55947",0,NA,NA,NA
"C18_QI56073",0,NA,NA,NA
"C18_QI56214",0,NA,NA,NA
"C18_QI56243",0,NA,NA,NA
"C18_QI56246",0,NA,NA,NA
"C18_QI56253",0,NA,NA,NA
"C18_QI56255",0,NA,NA,NA
"C18_QI56260",0,NA,NA,NA
"C18_QI56263",0,NA,NA,NA
"C18_QI56266",0,NA,NA,NA
"C18_QI56267",0,NA,NA,NA
"C18_QI56274",0,NA,NA,NA
"C18_QI56275",0,NA,NA,NA
"C18_QI56323",0,NA,NA,NA
"C18_QI56313",0,NA,NA,NA
"C18_QI56317",0,NA,NA,NA
"C18_QI56450",0,NA,NA,NA
"C18_QI56634",0,NA,NA,NA
"C18_QI56707",0,NA,NA,NA
"C18_QI56731",0,NA,NA,NA
"C18_QI56805",0,NA,NA,NA
"C18_QI56798",0,NA,NA,NA
"C18_QI56799",0,NA,NA,NA
"C18_QI56852",0,NA,NA,NA
"C18_QI56935",0,NA,NA,NA
"C18_QI57070",0,NA,NA,NA
"C18_QI57097",0,NA,NA,NA
"C18_QI57142",0,NA,NA,NA
"C18_QI57150",0,NA,NA,NA
"C18_QI57217",0,NA,NA,NA
"C18_QI57300",0,NA,NA,NA
"C18_QI57532",0,NA,NA,NA
"C18_QI57533",0,NA,NA,NA
"C18_QI57538",0,NA,NA,NA
"C18_QI57547",0,NA,NA,NA
"C18_QI57549",0,NA,NA,NA
"C18_QI57552",0,NA,NA,NA
"C18_QI57558",0,NA,NA,NA
"C18_QI57561",0,NA,NA,NA
"C18_QI57898",0,NA,NA,NA
"C18_QI57907",0,NA,NA,NA
"C18_QI57903",0,NA,NA,NA
"C18_QI57926",0,NA,NA,NA
"C18_QI57956",0,NA,NA,NA
"C18_QI57984",0,NA,NA,NA
"C18_QI57986",0,NA,NA,NA
"C18_QI9656",0,NA,NA,NA
"C18_QI9690",0,NA,NA,NA
"C18_QI9723",0,NA,NA,NA
"C18_QI9799",0,NA,NA,NA
"C18_QI9826",0,NA,NA,NA
"C18_QI9883",0,NA,NA,NA
"C18_QI9923",0,NA,NA,NA
"C18_QI9947",0,NA,NA,NA
"C18_QI9972",0,NA,NA,NA
"C18_QI9978",0,NA,NA,NA
"C18_QI9960",0,NA,NA,NA
"C18_QI9967",0,NA,NA,NA
"C18_QI10000",0,NA,NA,NA
"C18_QI10031",0,NA,NA,NA
"C18_QI10034",0,NA,NA,NA
"C18_QI10050",0,NA,NA,NA
"C18_QI10183",0,NA,NA,NA
"C18_QI10286",0,NA,NA,NA
"C18_QI10359",0,NA,NA,NA
"C18_QI10365",0,NA,NA,NA
"C18_QI10350",0,NA,NA,NA
"C18_QI10379",0,NA,NA,NA
"C18_QI10380",0,NA,NA,NA
"C18_QI10413",0,NA,NA,NA
"C18_QI10460",0,NA,NA,NA
"C18_QI10534",0,NA,NA,NA
"C18_QI10590",0,NA,NA,NA
"C18_QI10585",0,NA,NA,NA
"C18_QI10616",0,NA,NA,NA
"C18_QI10646",0,NA,NA,NA
"C18_QI10652",0,NA,NA,NA
"C18_QI10655",0,NA,NA,NA
"C18_QI10686",0,NA,NA,NA
"C18_QI10733",0,NA,NA,NA
"C18_QI10783",0,NA,NA,NA
"C18_QI10802",0,NA,NA,NA
"C18_QI10804",0,NA,NA,NA
"C18_QI10805",0,NA,NA,NA
"C18_QI10806",0,NA,NA,NA
"C18_QI10810",0,NA,NA,NA
"C18_QI10813",0,NA,NA,NA
"C18_QI10816",0,NA,NA,NA
"C18_QI10822",0,NA,NA,NA
"C18_QI10830",0,NA,NA,NA
"C18_QI10880",0,NA,NA,NA
"C18_QI10906",0,NA,NA,NA
"C18_QI11016",0,NA,NA,NA
"C18_QI11017",0,NA,NA,NA
"C18_QI11019",0,NA,NA,NA
"C18_QI11070",0,NA,NA,NA
"C18_QI11074",0,NA,NA,NA
"C18_QI11084",0,NA,NA,NA
"C18_QI11197",0,NA,NA,NA
"C18_QI11202",0,NA,NA,NA
"C18_QI11214",0,NA,NA,NA
"C18_QI11362",0,NA,NA,NA
"C18_QI11353",0,NA,NA,NA
"C18_QI11396",0,NA,NA,NA
"C18_QI11395",0,NA,NA,NA
"C18_QI11446",0,NA,NA,NA
"C18_QI11452",0,NA,NA,NA
"C18_QI11487",0,NA,NA,NA
"C18_QI11510",0,NA,NA,NA
"C18_QI11513",0,NA,NA,NA
"C18_QI11531",0,NA,NA,NA
"C18_QI11533",0,NA,NA,NA
"C18_QI11534",0,NA,NA,NA
"C18_QI11538",0,NA,NA,NA
"C18_QI11544",0,NA,NA,NA
"C18_QI11562",0,NA,NA,NA
"C18_QI11584",0,NA,NA,NA
"C18_QI11587",0,NA,NA,NA
"C18_QI11740",0,NA,NA,NA
"C18_QI11743",0,NA,NA,NA
"C18_QI11750",0,NA,NA,NA
"C18_QI11755",0,NA,NA,NA
"C18_QI11778",0,NA,NA,NA
"C18_QI11780",0,NA,NA,NA
"C18_QI11785",0,NA,NA,NA
"C18_QI11801",0,NA,NA,NA
"C18_QI11942",0,NA,NA,NA
"C18_QI11950",0,NA,NA,NA
"C18_QI11951",0,NA,NA,NA
"C18_QI11952",0,NA,NA,NA
"C18_QI11956",0,NA,NA,NA
"C18_QI12008",0,NA,NA,NA
"C18_QI12069",0,NA,NA,NA
"C18_QI12079",0,NA,NA,NA
"C18_QI12108",0,NA,NA,NA
"C18_QI12167",0,NA,NA,NA
"C18_QI12223",0,NA,NA,NA
"C18_QI12221",0,NA,NA,NA
"C18_QI12222",0,NA,NA,NA
"C18_QI12247",0,NA,NA,NA
"C18_QI12251",0,NA,NA,NA
"C18_QI12253",0,NA,NA,NA
"C18_QI12257",0,NA,NA,NA
"C18_QI12259",0,NA,NA,NA
"C18_QI12262",0,NA,NA,NA
"C18_QI12267",0,NA,NA,NA
"C18_QI12250",0,NA,NA,NA
"C18_QI12255",0,NA,NA,NA
"C18_QI12271",0,NA,NA,NA
"C18_QI12343",0,NA,NA,NA
"C18_QI12346",0,NA,NA,NA
"C18_QI12348",0,NA,NA,NA
"C18_QI12412",0,NA,NA,NA
"C18_QI12417",0,NA,NA,NA
"C18_QI12419",0,NA,NA,NA
"C18_QI12464",0,NA,NA,NA
"C18_QI12574",0,NA,NA,NA
"C18_QI12713",0,NA,NA,NA
"C18_QI12717",0,NA,NA,NA
"C18_QI12748",0,NA,NA,NA
"C18_QI12785",0,NA,NA,NA
"C18_QI12876",0,NA,NA,NA
"C18_QI12878",0,NA,NA,NA
"C18_QI12881",0,NA,NA,NA
"C18_QI12867",0,NA,NA,NA
"C18_QI12893",0,NA,NA,NA
"C18_QI12904",0,NA,NA,NA
"C18_QI12939",0,NA,NA,NA
"C18_QI12976",0,NA,NA,NA
"C18_QI13024",0,NA,NA,NA
"C18_QI12998",0,NA,NA,NA
"C18_QI12999",0,NA,NA,NA
"C18_QI13001",0,NA,NA,NA
"C18_QI13003",0,NA,NA,NA
"C18_QI13005",0,NA,NA,NA
"C18_QI13007",0,NA,NA,NA
"C18_QI13010",0,NA,NA,NA
"C18_QI13011",0,NA,NA,NA
"C18_QI13015",0,NA,NA,NA
"C18_QI13017",0,NA,NA,NA
"C18_QI13018",0,NA,NA,NA
"C18_QI13020",0,NA,NA,NA
"C18_QI13026",0,NA,NA,NA
"C18_QI13029",0,NA,NA,NA
"C18_QI13032",0,NA,NA,NA
"C18_QI13002",0,NA,NA,NA
"C18_QI13014",0,NA,NA,NA
"C18_QI13042",0,NA,NA,NA
"C18_QI13065",0,NA,NA,NA
"C18_QI13135",0,NA,NA,NA
"C18_QI13137",0,NA,NA,NA
"C18_QI13138",0,NA,NA,NA
"C18_QI13141",0,NA,NA,NA
"C18_QI13144",0,NA,NA,NA
"C18_QI13162",0,NA,NA,NA
"C18_QI13163",0,NA,NA,NA
"C18_QI13164",0,NA,NA,NA
"C18_QI13165",0,NA,NA,NA
"C18_QI13167",0,NA,NA,NA
"C18_QI13170",0,NA,NA,NA
"C18_QI13171",0,NA,NA,NA
"C18_QI13172",0,NA,NA,NA
"C18_QI13175",0,NA,NA,NA
"C18_QI13180",0,NA,NA,NA
"C18_QI13190",0,NA,NA,NA
"C18_QI13226",0,NA,NA,NA
"C18_QI13240",0,NA,NA,NA
"C18_QI13268",0,NA,NA,NA
"C18_QI13445",0,NA,NA,NA
"C18_QI13472",0,NA,NA,NA
"C18_QI13476",0,NA,NA,NA
"C18_QI13468",0,NA,NA,NA
"C18_QI13473",0,NA,NA,NA
"C18_QI13499",0,NA,NA,NA
"C18_QI13494",0,NA,NA,NA
"C18_QI13496",0,NA,NA,NA
"C18_QI13497",0,NA,NA,NA
"C18_QI13498",0,NA,NA,NA
"C18_QI13500",0,NA,NA,NA
"C18_QI13501",0,NA,NA,NA
"C18_QI13503",0,NA,NA,NA
"C18_QI13504",0,NA,NA,NA
"C18_QI13511",0,NA,NA,NA
"C18_QI13541",0,NA,NA,NA
"C18_QI13534",0,NA,NA,NA
"C18_QI13537",0,NA,NA,NA
"C18_QI13538",0,NA,NA,NA
"C18_QI13554",0,NA,NA,NA
"C18_QI13569",0,NA,NA,NA
"C18_QI13577",0,NA,NA,NA
"C18_QI13578",0,NA,NA,NA
"C18_QI13595",0,NA,NA,NA
"C18_QI13598",0,NA,NA,NA
"C18_QI13601",0,NA,NA,NA
"C18_QI13619",0,NA,NA,NA
"C18_QI13625",0,NA,NA,NA
"C18_QI13627",0,NA,NA,NA
"C18_QI13628",0,NA,NA,NA
"C18_QI13631",0,NA,NA,NA
"C18_QI13634",0,NA,NA,NA
"C18_QI13635",0,NA,NA,NA
"C18_QI13636",0,NA,NA,NA
"C18_QI13637",0,NA,NA,NA
"C18_QI13639",0,NA,NA,NA
"C18_QI13640",0,NA,NA,NA
"C18_QI13642",0,NA,NA,NA
"C18_QI13666",0,NA,NA,NA
"C18_QI13668",0,NA,NA,NA
"C18_QI13670",0,NA,NA,NA
"C18_QI13671",0,NA,NA,NA
"C18_QI13696",0,NA,NA,NA
"C18_QI13698",0,NA,NA,NA
"C18_QI13699",0,NA,NA,NA
"C18_QI13700",0,NA,NA,NA
"C18_QI13678",0,NA,NA,NA
"C18_QI13681",0,NA,NA,NA
"C18_QI13682",0,NA,NA,NA
"C18_QI13683",0,NA,NA,NA
"C18_QI13684",0,NA,NA,NA
"C18_QI13689",0,NA,NA,NA
"C18_QI13690",0,NA,NA,NA
"C18_QI13691",0,NA,NA,NA
"C18_QI13692",0,NA,NA,NA
"C18_QI13697",0,NA,NA,NA
"C18_QI13703",0,NA,NA,NA
"C18_QI13713",0,NA,NA,NA
"C18_QI13716",0,NA,NA,NA
"C18_QI13720",0,NA,NA,NA
"C18_QI13721",0,NA,NA,NA
"C18_QI13734",0,NA,NA,NA
"C18_QI13765",0,NA,NA,NA
"C18_QI13879",0,NA,NA,NA
"C18_QI13838",0,NA,NA,NA
"C18_QI13839",0,NA,NA,NA
"C18_QI13916",0,NA,NA,NA
"C18_QI13946",0,NA,NA,NA
"C18_QI14019",0,NA,NA,NA
"C18_QI13993",0,NA,NA,NA
"C18_QI14003",0,NA,NA,NA
"C18_QI14048",0,NA,NA,NA
"C18_QI14041",0,NA,NA,NA
"C18_QI14099",0,NA,NA,NA
"C18_QI14104",0,NA,NA,NA
"C18_QI14175",0,NA,NA,NA
"C18_QI14195",0,NA,NA,NA
"C18_QI14198",0,NA,NA,NA
"C18_QI14200",0,NA,NA,NA
"C18_QI14203",0,NA,NA,NA
"C18_QI14204",0,NA,NA,NA
"C18_QI14205",0,NA,NA,NA
"C18_QI14206",0,NA,NA,NA
"C18_QI14207",0,NA,NA,NA
"C18_QI14208",0,NA,NA,NA
"C18_QI14210",0,NA,NA,NA
"C18_QI14212",0,NA,NA,NA
"C18_QI14255",0,NA,NA,NA
"C18_QI14282",0,NA,NA,NA
"C18_QI14345",0,NA,NA,NA
"C18_QI14350",0,NA,NA,NA
"C18_QI14352",0,NA,NA,NA
"C18_QI14428",0,NA,NA,NA
"C18_QI14471",0,NA,NA,NA
"C18_QI14476",0,NA,NA,NA
"C18_QI14478",0,NA,NA,NA
"C18_QI14479",0,NA,NA,NA
"C18_QI14483",0,NA,NA,NA
"C18_QI14488",0,NA,NA,NA
"C18_QI14518",0,NA,NA,NA
"C18_QI14517",0,NA,NA,NA
"C18_QI14501",0,NA,NA,NA
"C18_QI14502",0,NA,NA,NA
"C18_QI14506",0,NA,NA,NA
"C18_QI14512",0,NA,NA,NA
"C18_QI14523",0,NA,NA,NA
"C18_QI14530",0,NA,NA,NA
"C18_QI14544",0,NA,NA,NA
"C18_QI14545",0,NA,NA,NA
"C18_QI14546",0,NA,NA,NA
"C18_QI14581",0,NA,NA,NA
"C18_QI14598",0,NA,NA,NA
"C18_QI14591",0,NA,NA,NA
"C18_QI14596",0,NA,NA,NA
"C18_QI14597",0,NA,NA,NA
"C18_QI14602",0,NA,NA,NA
"C18_QI14607",0,NA,NA,NA
"C18_QI14749",0,NA,NA,NA
"C18_QI14717",0,NA,NA,NA
"C18_QI14774",0,NA,NA,NA
"C18_QI14780",0,NA,NA,NA
"C18_QI14783",0,NA,NA,NA
"C18_QI14784",0,NA,NA,NA
"C18_QI14788",0,NA,NA,NA
"C18_QI14792",0,NA,NA,NA
"C18_QI14782",0,NA,NA,NA
"C18_QI14874",0,NA,NA,NA
"C18_QI14880",0,NA,NA,NA
"C18_QI14882",0,NA,NA,NA
"C18_QI14885",0,NA,NA,NA
"C18_QI14899",0,NA,NA,NA
"C18_QI14900",0,NA,NA,NA
"C18_QI14894",0,NA,NA,NA
"C18_QI14896",0,NA,NA,NA
"C18_QI14901",0,NA,NA,NA
"C18_QI14892",0,NA,NA,NA
"C18_QI14907",0,NA,NA,NA
"C18_QI14905",0,NA,NA,NA
"C18_QI14909",0,NA,NA,NA
"C18_QI14919",0,NA,NA,NA
"C18_QI14920",0,NA,NA,NA
"C18_QI14929",0,NA,NA,NA
"C18_QI14943",0,NA,NA,NA
"C18_QI14938",0,NA,NA,NA
"C18_QI14960",0,NA,NA,NA
"C18_QI14961",0,NA,NA,NA
"C18_QI14963",0,NA,NA,NA
"C18_QI14966",0,NA,NA,NA
"C18_QI14969",0,NA,NA,NA
"C18_QI15021",0,NA,NA,NA
"C18_QI15024",0,NA,NA,NA
"C18_QI15127",0,NA,NA,NA
"C18_QI15160",0,NA,NA,NA
"C18_QI15179",0,NA,NA,NA
"C18_QI15167",0,NA,NA,NA
"C18_QI15172",0,NA,NA,NA
"C18_QI15174",0,NA,NA,NA
"C18_QI15175",0,NA,NA,NA
"C18_QI15176",0,NA,NA,NA
"C18_QI15178",0,NA,NA,NA
"C18_QI15180",0,NA,NA,NA
"C18_QI15184",0,NA,NA,NA
"C18_QI15192",0,NA,NA,NA
"C18_QI15212",0,NA,NA,NA
"C18_QI15211",0,NA,NA,NA
"C18_QI15246",0,NA,NA,NA
"C18_QI15277",0,NA,NA,NA
"C18_QI15306",0,NA,NA,NA
"C18_QI15332",0,NA,NA,NA
"C18_QI15389",0,NA,NA,NA
"C18_QI15395",0,NA,NA,NA
"C18_QI15367",0,NA,NA,NA
"C18_QI15413",0,NA,NA,NA
"C18_QI15415",0,NA,NA,NA
"C18_QI15419",0,NA,NA,NA
"C18_QI15421",0,NA,NA,NA
"C18_QI15461",0,NA,NA,NA
"C18_QI15475",0,NA,NA,NA
"C18_QI15620",0,NA,NA,NA
"C18_QI15652",0,NA,NA,NA
"C18_QI15691",0,NA,NA,NA
"C18_QI15692",0,NA,NA,NA
"C18_QI15703",0,NA,NA,NA
"C18_QI15718",0,NA,NA,NA
"C18_QI15725",0,NA,NA,NA
"C18_QI15736",0,NA,NA,NA
"C18_QI15740",0,NA,NA,NA
"C18_QI15747",0,NA,NA,NA
"C18_QI15741",0,NA,NA,NA
"C18_QI15743",0,NA,NA,NA
"C18_QI15765",0,NA,NA,NA
"C18_QI15770",0,NA,NA,NA
"C18_QI15774",0,NA,NA,NA
"C18_QI15763",0,NA,NA,NA
"C18_QI15761",0,NA,NA,NA
"C18_QI15786",0,NA,NA,NA
"C18_QI15805",0,NA,NA,NA
"C18_QI15815",0,NA,NA,NA
"C18_QI15816",0,NA,NA,NA
"C18_QI15819",0,NA,NA,NA
"C18_QI15821",0,NA,NA,NA
"C18_QI15822",0,NA,NA,NA
"C18_QI15825",0,NA,NA,NA
"C18_QI15826",0,NA,NA,NA
"C18_QI15837",0,NA,NA,NA
"C18_QI15840",0,NA,NA,NA
"C18_QI15841",0,NA,NA,NA
"C18_QI15849",0,NA,NA,NA
"C18_QI15850",0,NA,NA,NA
"C18_QI15891",0,NA,NA,NA
"C18_QI15916",0,NA,NA,NA
"C18_QI16006",0,NA,NA,NA
"C18_QI16061",0,NA,NA,NA
"C18_QI16120",0,NA,NA,NA
"C18_QI16145",0,NA,NA,NA
"C18_QI16136",0,NA,NA,NA
"C18_QI16151",0,NA,NA,NA
"C18_QI16193",0,NA,NA,NA
"C18_QI16196",0,NA,NA,NA
"C18_QI16220",0,NA,NA,NA
"C18_QI16226",0,NA,NA,NA
"C18_QI16254",0,NA,NA,NA
"C18_QI16252",0,NA,NA,NA
"C18_QI16264",0,NA,NA,NA
"C18_QI16266",0,NA,NA,NA
"C18_QI16268",0,NA,NA,NA
"C18_QI16294",0,NA,NA,NA
"C18_QI16365",0,NA,NA,NA
"C18_QI16352",0,NA,NA,NA
"C18_QI16439",0,NA,NA,NA
"C18_QI16498",0,NA,NA,NA
"C18_QI16503",0,NA,NA,NA
"C18_QI16521",0,NA,NA,NA
"C18_QI16523",0,NA,NA,NA
"C18_QI16524",0,NA,NA,NA
"C18_QI16529",0,NA,NA,NA
"C18_QI16533",0,NA,NA,NA
"C18_QI16558",0,NA,NA,NA
"C18_QI16567",0,NA,NA,NA
"C18_QI16578",0,NA,NA,NA
"C18_QI16585",0,NA,NA,NA
"C18_QI16602",0,NA,NA,NA
"C18_QI16610",0,NA,NA,NA
"C18_QI16620",0,NA,NA,NA
"C18_QI16623",0,NA,NA,NA
"C18_QI16630",0,NA,NA,NA
"C18_QI16664",0,NA,NA,NA
"C18_QI16662",0,NA,NA,NA
"C18_QI16663",0,NA,NA,NA
"C18_QI16683",0,NA,NA,NA
"C18_QI16697",0,NA,NA,NA
"C18_QI16688",0,NA,NA,NA
"C18_QI16727",0,NA,NA,NA
"C18_QI16730",0,NA,NA,NA
"C18_QI16813",0,NA,NA,NA
"C18_QI16867",0,NA,NA,NA
"C18_QI16850",0,NA,NA,NA
"C18_QI16924",0,NA,NA,NA
"C18_QI16929",0,NA,NA,NA
"C18_QI17014",0,NA,NA,NA
"C18_QI17057",0,NA,NA,NA
"C18_QI17102",0,NA,NA,NA
"C18_QI17146",0,NA,NA,NA
"C18_QI17218",0,NA,NA,NA
"C18_QI17373",0,NA,NA,NA
"C18_QI17377",0,NA,NA,NA
"C18_QI17362",0,NA,NA,NA
"C18_QI17401",0,NA,NA,NA
"C18_QI17402",0,NA,NA,NA
"C18_QI17455",0,NA,NA,NA
"C18_QI17491",0,NA,NA,NA
"C18_QI17522",0,NA,NA,NA
"C18_QI17525",0,NA,NA,NA
"C18_QI17527",0,NA,NA,NA
"C18_QI17528",0,NA,NA,NA
"C18_QI17532",0,NA,NA,NA
"C18_QI17534",0,NA,NA,NA
"C18_QI17538",0,NA,NA,NA
"C18_QI17524",0,NA,NA,NA
"C18_QI17530",0,NA,NA,NA
"C18_QI17533",0,NA,NA,NA
"C18_QI17572",0,NA,NA,NA
"C18_QI17581",0,NA,NA,NA
"C18_QI17663",0,NA,NA,NA
"C18_QI17769",0,NA,NA,NA
"C18_QI17866",0,NA,NA,NA
"C18_QI17871",0,NA,NA,NA
"C18_QI17915",0,NA,NA,NA
"C18_QI17921",0,NA,NA,NA
"C18_QI17946",0,NA,NA,NA
"C18_QI17955",0,NA,NA,NA
"C18_QI17998",0,NA,NA,NA
"C18_QI18044",0,NA,NA,NA
"C18_QI18047",0,NA,NA,NA
"C18_QI18034",0,NA,NA,NA
"C18_QI18065",0,NA,NA,NA
"C18_QI18074",0,NA,NA,NA
"C18_QI18108",0,NA,NA,NA
"C18_QI18113",0,NA,NA,NA
"C18_QI18117",0,NA,NA,NA
"C18_QI18097",0,NA,NA,NA
"C18_QI18101",0,NA,NA,NA
"C18_QI18203",0,NA,NA,NA
"C18_QI18205",0,NA,NA,NA
"C18_QI18207",0,NA,NA,NA
"C18_QI18208",0,NA,NA,NA
"C18_QI18209",0,NA,NA,NA
"C18_QI18213",0,NA,NA,NA
"C18_QI18210",0,NA,NA,NA
"C18_QI18226",0,NA,NA,NA
"C18_QI18242",0,NA,NA,NA
"C18_QI18243",0,NA,NA,NA
"C18_QI18253",0,NA,NA,NA
"C18_QI18279",0,NA,NA,NA
"C18_QI18296",0,NA,NA,NA
"C18_QI18442",0,NA,NA,NA
"C18_QI18482",0,NA,NA,NA
"C18_QI18484",0,NA,NA,NA
"C18_QI18546",0,NA,NA,NA
"C18_QI18622",0,NA,NA,NA
"C18_QI18608",0,NA,NA,NA
"C18_QI18663",0,NA,NA,NA
"C18_QI18689",0,NA,NA,NA
"C18_QI18681",0,NA,NA,NA
"C18_QI18716",0,NA,NA,NA
"C18_QI18722",0,NA,NA,NA
"C18_QI18792",0,NA,NA,NA
"C18_QI18796",0,NA,NA,NA
"C18_QI18855",0,NA,NA,NA
"C18_QI18843",0,NA,NA,NA
"C18_QI18904",0,NA,NA,NA
"C18_QI18932",0,NA,NA,NA
"C18_QI18993",0,NA,NA,NA
"C18_QI18997",0,NA,NA,NA
"C18_QI19006",0,NA,NA,NA
"C18_QI19039",0,NA,NA,NA
"C18_QI19036",0,NA,NA,NA
"C18_QI19054",0,NA,NA,NA
"C18_QI19074",0,NA,NA,NA
"C18_QI19073",0,NA,NA,NA
"C18_QI19090",0,NA,NA,NA
"C18_QI19149",0,NA,NA,NA
"C18_QI19158",0,NA,NA,NA
"C18_QI19157",0,NA,NA,NA
"C18_QI19215",0,NA,NA,NA
"C18_QI19318",0,NA,NA,NA
"C18_QI19344",0,NA,NA,NA
"C18_QI19446",0,NA,NA,NA
"C18_QI19592",0,NA,NA,NA
"C18_QI19638",0,NA,NA,NA
"C18_QI19707",0,NA,NA,NA
"C18_QI19733",0,NA,NA,NA
"C18_QI19734",0,NA,NA,NA
"C18_QI19776",0,NA,NA,NA
"C18_QI19839",0,NA,NA,NA
"C18_QI19857",0,NA,NA,NA
"C18_QI19872",0,NA,NA,NA
"C18_QI19876",0,NA,NA,NA
"C18_QI19926",0,NA,NA,NA
"C18_QI19930",0,NA,NA,NA
"C18_QI19948",0,NA,NA,NA
"C18_QI19991",0,NA,NA,NA
"C18_QI19990",0,NA,NA,NA
"C18_QI19992",0,NA,NA,NA
"C18_QI20028",0,NA,NA,NA
"C18_QI20106",0,NA,NA,NA
"C18_QI20133",0,NA,NA,NA
"C18_QI20153",0,NA,NA,NA
"C18_QI20142",0,NA,NA,NA
"C18_QI20143",0,NA,NA,NA
"C18_QI20145",0,NA,NA,NA
"C18_QI20148",0,NA,NA,NA
"C18_QI20154",0,NA,NA,NA
"C18_QI20213",0,NA,NA,NA
"C18_QI20272",0,NA,NA,NA
"C18_QI20331",0,NA,NA,NA
"C18_QI20355",0,NA,NA,NA
"C18_QI20356",0,NA,NA,NA
"C18_QI20433",0,NA,NA,NA
"C18_QI20436",0,NA,NA,NA
"C18_QI20440",0,NA,NA,NA
"C18_QI20441",0,NA,NA,NA
"C18_QI20461",0,NA,NA,NA
"C18_QI20561",0,NA,NA,NA
"C18_QI20638",0,NA,NA,NA
"C18_QI20677",0,NA,NA,NA
"C18_QI20714",0,NA,NA,NA
"C18_QI21034",0,NA,NA,NA
"C18_QI21037",0,NA,NA,NA
"C18_QI21039",0,NA,NA,NA
"C18_QI21040",0,NA,NA,NA
"C18_QI21046",0,NA,NA,NA
"C18_QI21459",0,NA,NA,NA
"C18_QI21464",0,NA,NA,NA
"C18_QI21465",0,NA,NA,NA
"C18_QI21808",0,NA,NA,NA
"C18_QI21827",0,NA,NA,NA
"C18_QI21887",0,NA,NA,NA
"C18_QI21963",0,NA,NA,NA
"C18_QI22565",0,NA,NA,NA
"C18_QI24026",0,NA,NA,NA
"C18_QI24028",0,NA,NA,NA
"HILIC_X1.Methyl.nicotinamide",0,NA,NA,NA
"HILIC_X1.Methyladenosine",0,NA,NA,NA
"HILIC_X1.Methylguanine",0,NA,NA,NA
"HILIC_X1.Methylguanosine",0,NA,NA,NA
"HILIC_X3.Hydroxyhippuric.acid",0,NA,NA,NA
"HILIC_X3.Methylhistidine",0,NA,NA,NA
"HILIC_X4.Acetamidobutanoic.acid",0,NA,NA,NA
"HILIC_X4.Aminohippuric.acid",0,NA,NA,NA
"HILIC_X5.Methylcytidine",0,NA,NA,NA
"HILIC_X7.Methylguanine",0,NA,NA,NA
"HILIC_Acisoga",0,NA,NA,NA
"HILIC_Alanine",0,NA,NA,NA
"HILIC_Aminoisobutyric.acid",0,NA,NA,NA
"HILIC_Arginine",0,NA,NA,NA
"HILIC_Betaine",0,NA,NA,NA
"HILIC_Bilirubin",0,NA,NA,NA
"HILIC_Biliverdin",0,NA,NA,NA
"HILIC_Caffeine",0,NA,NA,NA
"HILIC_Carnitine",0,NA,NA,NA
"HILIC_Choline",0,NA,NA,NA
"HILIC_Citrulline",0,NA,NA,NA
"HILIC_Cortisol",0,NA,NA,NA
"HILIC_Cortisone",0,NA,NA,NA
"HILIC_Cotinine",0,NA,NA,NA
"HILIC_Creatine",0,NA,NA,NA
"HILIC_Creatinine",0,NA,NA,NA
"HILIC_Cystine",0,NA,NA,NA
"HILIC_Cytosine",0,NA,NA,NA
"HILIC_Diethanolamine",0,NA,NA,NA
"HILIC_Dimethylarginine.and.Symmetric.dimethyl.arginine",0,NA,NA,NA
"HILIC_Dimethylglycine",0,NA,NA,NA
"HILIC_DMGV",0,NA,NA,NA
"HILIC_Ectoine",0,NA,NA,NA
"HILIC_FAPy.adenine",0,NA,NA,NA
"HILIC_gamma.Aminobutyric.acid",0,NA,NA,NA
"HILIC_Glu.Gln",0,NA,NA,NA
"HILIC_Glutamic.acid",0,NA,NA,NA
"HILIC_Glutamine",0,NA,NA,NA
"HILIC_Glycine",0,NA,NA,NA
"HILIC_Histidine",0,NA,NA,NA
"HILIC_Homoarginine",0,NA,NA,NA
"HILIC_Hydroxyproline",0,NA,NA,NA
"HILIC_Isoleucine",0,NA,NA,NA
"HILIC_Leucine",0,NA,NA,NA
"HILIC_Lysine",0,NA,NA,NA
"HILIC_Methionine",0,NA,NA,NA
"HILIC_Methionine.sulfoxide",0,NA,NA,NA
"HILIC_Methylguanidine",0,NA,NA,NA
"HILIC_N.6..N.6..Dimethyl.lysine",0,NA,NA,NA
"HILIC_N.6..Methyllysine",0,NA,NA,NA
"HILIC_N1.Acetylspermidine",0,NA,NA,NA
"HILIC_N1.Methyl.2.pyridone.5.carboxamide",0,NA,NA,NA
"HILIC_N1.Methyl.4.pyridone.3.carboxamide",0,NA,NA,NA
"HILIC_N2.N2.Dimethylguanosine",0,NA,NA,NA
"HILIC_N4.Acetylcytidine",0,NA,NA,NA
"HILIC_N6.Acetyllysine",0,NA,NA,NA
"HILIC_N.6.Trimethyllysine",0,NA,NA,NA
"HILIC_N.Acetylarginine",0,NA,NA,NA
"HILIC_N.Acetylaspartic.acid",0,NA,NA,NA
"HILIC_N.Acetyl.D.tryptophan",0,NA,NA,NA
"HILIC_N.Acetylgalactosamine",0,NA,NA,NA
"HILIC_N.Acetylisoputreanine",0,NA,NA,NA
"HILIC_N.Acetylornithine",0,NA,NA,NA
"HILIC_N.Acetylvaline",0,NA,NA,NA
"HILIC_Niacinamide",0,NA,NA,NA
"HILIC_N.methyl.pipecolic.acid",0,NA,NA,NA
"HILIC_N.Methyl.proline",0,NA,NA,NA
"HILIC_N.palmitoyl.glutamine",0,NA,NA,NA
"HILIC_O.Ethylhomoserine",0,NA,NA,NA
"HILIC_Ornithine",0,NA,NA,NA
"HILIC_Pantothenic.acid",0,NA,NA,NA
"HILIC_Phenylalanine",0,NA,NA,NA
"HILIC_Pipecolic.acid",0,NA,NA,NA
"HILIC_Pro.hydroxyPro",0,NA,NA,NA
"HILIC_Proline",0,NA,NA,NA
"HILIC_Proline.betaine",0,NA,NA,NA
"HILIC_Pseudouridine",0,NA,NA,NA
"HILIC_Serine",0,NA,NA,NA
"HILIC_sn.Glycero.3.phosphocholine",0,NA,NA,NA
"HILIC_Targinine",0,NA,NA,NA
"HILIC_Taurine",0,NA,NA,NA
"HILIC_Thiamine",0,NA,NA,NA
"HILIC_Threonine",0,NA,NA,NA
"HILIC_Triethanolamine",0,NA,NA,NA
"HILIC_Trigonelline",0,NA,NA,NA
"HILIC_Trimethylamine.N.oxide",0,NA,NA,NA
"HILIC_Tryptophan",0,NA,NA,NA
"HILIC_Tyrosine",0,NA,NA,NA
"HILIC_Ureidopropionic.acid",0,NA,NA,NA
"HILIC_Urocanic.acid",0,NA,NA,NA
"HILIC_Valine",0,NA,NA,NA
"HILIC_Xanthine",0,NA,NA,NA
"HILIC_Retinol",0,NA,NA,NA
"HILIC_X3.Dehydroxycarnitine",0,NA,NA,NA
"HILIC_CAR.2.0",0,NA,NA,NA
"HILIC_CAR.3.0",0,NA,NA,NA
"HILIC_CAR.4.0",0,NA,NA,NA
"HILIC_CAR.5.0",0,NA,NA,NA
"HILIC_CAR.4.0.OH",0,NA,NA,NA
"HILIC_CAR.6.0",0,NA,NA,NA
"HILIC_CAR.DC4.0",0,NA,NA,NA
"HILIC_CAR.7.1",0,NA,NA,NA
"HILIC_CAR.DC5.0",0,NA,NA,NA
"HILIC_CAR.6.0.OH",0,NA,NA,NA
"HILIC_CAR.8.2",0,NA,NA,NA
"HILIC_CAR.8.1",0,NA,NA,NA
"HILIC_CAR.8.0",0,NA,NA,NA
"HILIC_CAR.9.0",0,NA,NA,NA
"HILIC_CAR.10.3",0,NA,NA,NA
"HILIC_CAR.10.1",0,NA,NA,NA
"HILIC_CAR.10.0",0,NA,NA,NA
"HILIC_CAR.11.1",0,NA,NA,NA
"HILIC_CAR.10.0.OH",0,NA,NA,NA
"HILIC_CAR.12.3",0,NA,NA,NA
"HILIC_CAR.12.2",0,NA,NA,NA
"HILIC_CAR.12.1",0,NA,NA,NA
"HILIC_CAR.12.0",0,NA,NA,NA
"HILIC_CAR.13.1",0,NA,NA,NA
"HILIC_CAR.13.0",0,NA,NA,NA
"HILIC_CAR.14.3",0,NA,NA,NA
"HILIC_CAR.14.2",0,NA,NA,NA
"HILIC_CAR.14.1",0,NA,NA,NA
"HILIC_CAR.14.0",0,NA,NA,NA
"HILIC_CAR.16.4",0,NA,NA,NA
"HILIC_CAR.16.3",0,NA,NA,NA
"HILIC_CAR.16.2",0,NA,NA,NA
"HILIC_CAR.16.1",0,NA,NA,NA
"HILIC_CAR.16.0",0,NA,NA,NA
"HILIC_CAR.18.2",0,NA,NA,NA
"HILIC_CAR.18.1",0,NA,NA,NA
"HILIC_CAR.18.0",0,NA,NA,NA
"HILIC_CAR.DC18.1",0,NA,NA,NA
"HILIC_CAR.DC18.0",0,NA,NA,NA
"HILIC_CAR.24.1",0,NA,NA,NA
"HILIC_CAR.24.0",0,NA,NA,NA
"HILIC_CAR.26.1",0,NA,NA,NA
"HILIC_CAR.26.0",0,NA,NA,NA
"HILIC_LPC.14.0",0,NA,NA,NA
"HILIC_LPC.15.0",0,NA,NA,NA
"HILIC_LPC.16.1",0,NA,NA,NA
"HILIC_LPC.18.3",0,NA,NA,NA
"HILIC_LPC.18.1",0,NA,NA,NA
"HILIC_LPC.18.0",0,NA,NA,NA
"HILIC_LPC.20.5",0,NA,NA,NA
"HILIC_LPC.20.4",0,NA,NA,NA
"HILIC_PC.P.30.0.or.PC.O.30.1",0,NA,NA,NA
"HILIC_PC.P.32.1.or.PC.O.32.2",0,NA,NA,NA
"HILIC_PC.P.32.0.or.PC.O.32.1",0,NA,NA,NA
"HILIC_PC.O.32.0",0,NA,NA,NA
"HILIC_PC.P.34.2.or.PC.O.34.3",0,NA,NA,NA
"HILIC_PC.P.34.1.or.PC.O.34.2",0,NA,NA,NA
"HILIC_PC.P.34.0.or.PC.O.34.1",0,NA,NA,NA
"HILIC_PC.P.36.5.or.PC.O.36.6",0,NA,NA,NA
"HILIC_PC.P.36.4.or.PC.O.36.5",0,NA,NA,NA
"HILIC_PC.P.35.1.or.PC.O.35.2",0,NA,NA,NA
"HILIC_PC.P.38.6.or.PC.O.38.7",0,NA,NA,NA
"HILIC_PC.P.38.5.or.PC.O.38.6",0,NA,NA,NA
"HILIC_PC.P.38.4.or.PC.O.38.5",0,NA,NA,NA
"HILIC_PC.28.0",0,NA,NA,NA
"HILIC_PC.32.3",0,NA,NA,NA
"HILIC_PC.32.0",0,NA,NA,NA
"HILIC_PC.35.2",0,NA,NA,NA
"HILIC_LPE.16.1",0,NA,NA,NA
"HILIC_LPE.16.0",0,NA,NA,NA
"HILIC_LPE.18.3",0,NA,NA,NA
"HILIC_LPE.18.2",0,NA,NA,NA
"HILIC_LPE.18.1",0,NA,NA,NA
"HILIC_LPE.18.0",0,NA,NA,NA
"HILIC_LPE.20.4",0,NA,NA,NA
"HILIC_LPE.20.3",0,NA,NA,NA
"HILIC_LPE.22.6",0,NA,NA,NA
"HILIC_LPE.P.18.0.or.LPE.O.18.1",0,NA,NA,NA
"HILIC_PE.P.34.2.or.PE.O.34.3",0,NA,NA,NA
"HILIC_PE.P.34.1.or.PE.O.34.2",0,NA,NA,NA
"HILIC_PE.P.35.2.or.PE.O.35.3",0,NA,NA,NA
"HILIC_PE.P.36.4.or.PE.O.36.5",0,NA,NA,NA
"HILIC_PE.P.36.2.or.PE.O.36.3",0,NA,NA,NA
"HILIC_PE.P.38.6.or.PE.O.38.7",0,NA,NA,NA
"HILIC_PE.P.38.4.or.PE.O.38.5",0,NA,NA,NA
"HILIC_PE.P.40.6.or.PE.O.40.7",0,NA,NA,NA
"HILIC_PE.32.1",0,NA,NA,NA
"HILIC_PE.34.2",0,NA,NA,NA
"HILIC_PE.34.1",0,NA,NA,NA
"HILIC_PE.36.4",0,NA,NA,NA
"HILIC_PE.36.3",0,NA,NA,NA
"HILIC_PE.36.2",0,NA,NA,NA
"HILIC_PE.38.6",0,NA,NA,NA
"HILIC_PE.38.4",0,NA,NA,NA
"HILIC_PE.40.6",0,NA,NA,NA
"HILIC_PS.P.36.2.or.PS.O.36.3",0,NA,NA,NA
"HILIC_PS.P.36.1.or.PS.O.36.2",0,NA,NA,NA
"HILIC_DeoxyCer.18.1.O2.24.0",0,NA,NA,NA
"HILIC_Cer.18.1.O2.18.1",0,NA,NA,NA
"HILIC_Cer.18.1.O2.18.0",0,NA,NA,NA
"HILIC_Cer.18.1.O2.20.1",0,NA,NA,NA
"HILIC_Cer.18.1.O2.20.0",0,NA,NA,NA
"HILIC_Cer.18.1.O2.23.1",0,NA,NA,NA
"HILIC_Cer.18.1.O2.23.0",0,NA,NA,NA
"HILIC_Cer.18.1.O2.24.2",0,NA,NA,NA
"HILIC_GlcCer.18.1.O2.18.0",0,NA,NA,NA
"HILIC_GlcCer.18.1.O2.20.0",0,NA,NA,NA
"HILIC_GlcCer.18.2.O2.22.0",0,NA,NA,NA
"HILIC_GlcCer.18.1.O2.22.0",0,NA,NA,NA
"HILIC_GlcCer.18.2.O2.23.0",0,NA,NA,NA
"HILIC_SM.18.1.O2.17.1",0,NA,NA,NA
"HILIC_SM.18.1.O2.17.0",0,NA,NA,NA
"HILIC_SM.18.1.O2.19.1",0,NA,NA,NA
"HILIC_SM.18.1.O2.19.0",0,NA,NA,NA
"HILIC_SM.18.1.O2.22.3",0,NA,NA,NA
"HILIC_SM.18.1.O2.22.2",0,NA,NA,NA
"HILIC_SM.18.1.O2.23.2",0,NA,NA,NA
"HILIC_X7alpha.Hydroxy.4.cholesten.3.one",0,NA,NA,NA
"HILIC_QI03008",0,NA,NA,NA
"HILIC_QI03057",0,NA,NA,NA
"HILIC_QI03083",0,NA,NA,NA
"HILIC_QI03084",0,NA,NA,NA
"HILIC_QI03113",0,NA,NA,NA
"HILIC_QI03105",0,NA,NA,NA
"HILIC_QI03165",0,NA,NA,NA
"HILIC_QI03109",0,NA,NA,NA
"HILIC_QI03313",0,NA,NA,NA
"HILIC_QI03339",0,NA,NA,NA
"HILIC_QI03274",0,NA,NA,NA
"HILIC_QI03412",0,NA,NA,NA
"HILIC_QI03468",0,NA,NA,NA
"HILIC_QI03469",0,NA,NA,NA
"HILIC_QI03298",0,NA,NA,NA
"HILIC_QI03382",0,NA,NA,NA
"HILIC_QI03349",0,NA,NA,NA
"HILIC_QI03552",0,NA,NA,NA
"HILIC_QI03405",0,NA,NA,NA
"HILIC_QI03467",0,NA,NA,NA
"HILIC_QI03413",0,NA,NA,NA
"HILIC_QI03477",0,NA,NA,NA
"HILIC_QI03494",0,NA,NA,NA
"HILIC_QI03447",0,NA,NA,NA
"HILIC_QI03450",0,NA,NA,NA
"HILIC_QI03460",0,NA,NA,NA
"HILIC_QI03478",0,NA,NA,NA
"HILIC_QI03531",0,NA,NA,NA
"HILIC_QI03983",0,NA,NA,NA
"HILIC_QI03677",0,NA,NA,NA
"HILIC_QI03703",0,NA,NA,NA
"HILIC_QI03658",0,NA,NA,NA
"HILIC_QI03682",0,NA,NA,NA
"HILIC_QI03599",0,NA,NA,NA
"HILIC_QI03676",0,NA,NA,NA
"HILIC_QI03675",0,NA,NA,NA
"HILIC_QI03590",0,NA,NA,NA
"HILIC_QI03849",0,NA,NA,NA
"HILIC_QI03674",0,NA,NA,NA
"HILIC_QI03691",0,NA,NA,NA
"HILIC_QI03947",0,NA,NA,NA
"HILIC_QI03731",0,NA,NA,NA
"HILIC_QI04643",0,NA,NA,NA
"HILIC_QI03618",0,NA,NA,NA
"HILIC_QI03617",0,NA,NA,NA
"HILIC_QI03921",0,NA,NA,NA
"HILIC_QI03943",0,NA,NA,NA
"HILIC_QI03788",0,NA,NA,NA
"HILIC_QI03894",0,NA,NA,NA
"HILIC_QI03944",0,NA,NA,NA
"HILIC_QI03881",0,NA,NA,NA
"HILIC_QI04005",0,NA,NA,NA
"HILIC_QI04019",0,NA,NA,NA
"HILIC_QI03982",0,NA,NA,NA
"HILIC_QI03984",0,NA,NA,NA
"HILIC_QI03895",0,NA,NA,NA
"HILIC_QI04028",0,NA,NA,NA
"HILIC_QI04038",0,NA,NA,NA
"HILIC_QI03995",0,NA,NA,NA
"HILIC_QI04037",0,NA,NA,NA
"HILIC_QI03975",0,NA,NA,NA
"HILIC_QI04003",0,NA,NA,NA
"HILIC_QI04170",0,NA,NA,NA
"HILIC_QI04154",0,NA,NA,NA
"HILIC_QI04234",0,NA,NA,NA
"HILIC_QI04269",0,NA,NA,NA
"HILIC_QI04544",0,NA,NA,NA
"HILIC_QI04236",0,NA,NA,NA
"HILIC_QI04244",0,NA,NA,NA
"HILIC_QI04350",0,NA,NA,NA
"HILIC_QI04484",0,NA,NA,NA
"HILIC_QI04488",0,NA,NA,NA
"HILIC_QI04508",0,NA,NA,NA
"HILIC_QI04790",0,NA,NA,NA
"HILIC_QI04646",0,NA,NA,NA
"HILIC_QI04578",0,NA,NA,NA
"HILIC_QI05055",0,NA,NA,NA
"HILIC_QI05045",0,NA,NA,NA
"HILIC_QI04812",0,NA,NA,NA
"HILIC_QI05220",0,NA,NA,NA
"HILIC_QI05292",0,NA,NA,NA
"HILIC_QI05263",0,NA,NA,NA
"HILIC_QI05166",0,NA,NA,NA
"HILIC_QI07077",0,NA,NA,NA
"HILIC_QI06670",0,NA,NA,NA
"HILIC_QI06770",0,NA,NA,NA
"HILIC_QI06499",0,NA,NA,NA
"HILIC_QI06600",0,NA,NA,NA
"HILIC_QI06624",0,NA,NA,NA
"HILIC_QI06749",0,NA,NA,NA
"HILIC_QI06568",0,NA,NA,NA
"HILIC_QI06586",0,NA,NA,NA
"HILIC_QI07283",0,NA,NA,NA
"HILIC_QI07541",0,NA,NA,NA
"HILIC_QI07110",0,NA,NA,NA
"HILIC_QI07257",0,NA,NA,NA
"HILIC_QI07272",0,NA,NA,NA
"HILIC_QI07418",0,NA,NA,NA
"HILIC_QI07452",0,NA,NA,NA
"HILIC_QI07072",0,NA,NA,NA
"HILIC_QI07224",0,NA,NA,NA
"HILIC_QI07246",0,NA,NA,NA
"HILIC_QI07451",0,NA,NA,NA
"HILIC_QI07482",0,NA,NA,NA
"HILIC_QI07078",0,NA,NA,NA
"HILIC_QI07535",0,NA,NA,NA
"HILIC_QI07503",0,NA,NA,NA
"HILIC_QI07488",0,NA,NA,NA
"HILIC_QI07510",0,NA,NA,NA
"HILIC_QI07538",0,NA,NA,NA
"HILIC_QI07939",0,NA,NA,NA
"HILIC_QI08045",0,NA,NA,NA
"HILIC_QI08069",0,NA,NA,NA
"HILIC_QI08076",0,NA,NA,NA
"HILIC_QI08077",0,NA,NA,NA
"HILIC_QI08078",0,NA,NA,NA
"HILIC_QI08082",0,NA,NA,NA
"HILIC_QI09134",0,NA,NA,NA
"HILIC_QI08935",0,NA,NA,NA
"HILIC_QI08947",0,NA,NA,NA
"HILIC_QI08954",0,NA,NA,NA
"HILIC_QI09112",0,NA,NA,NA
"HILIC_QI09125",0,NA,NA,NA
"HILIC_QI09061",0,NA,NA,NA
"HILIC_QI09097",0,NA,NA,NA
"HILIC_QI09092",0,NA,NA,NA
"HILIC_QI09432",0,NA,NA,NA
"HILIC_QI09637",0,NA,NA,NA
"HILIC_QI09618",0,NA,NA,NA
"HILIC_QI09741",0,NA,NA,NA
"HILIC_QI09865",0,NA,NA,NA
"HILIC_QI09960",0,NA,NA,NA
"HILIC_QI09988",0,NA,NA,NA
"HILIC_QI10005",0,NA,NA,NA
"HILIC_QI10271",0,NA,NA,NA
"HILIC_QI10467",0,NA,NA,NA
"HILIC_QI11035",0,NA,NA,NA
"HILIC_QI11088",0,NA,NA,NA
"HILIC_QI10744",0,NA,NA,NA
"HILIC_QI10854",0,NA,NA,NA
"HILIC_QI11108",0,NA,NA,NA
"HILIC_QI11884",0,NA,NA,NA
"HILIC_QI11837",0,NA,NA,NA
"HILIC_QI12204",0,NA,NA,NA
"HILIC_QI12224",0,NA,NA,NA
"HILIC_QI12244",0,NA,NA,NA
"HILIC_QI12288",0,NA,NA,NA
"HILIC_QI12425",0,NA,NA,NA
"HILIC_QI12701",0,NA,NA,NA
"HILIC_QI12704",0,NA,NA,NA
"HILIC_QI12590",0,NA,NA,NA
"HILIC_QI12724",0,NA,NA,NA
"HILIC_QI12699",0,NA,NA,NA
"HILIC_QI12797",0,NA,NA,NA
"HILIC_QI13092",0,NA,NA,NA
"HILIC_QI13012",0,NA,NA,NA
"HILIC_QI12999",0,NA,NA,NA
"HILIC_QI13276",0,NA,NA,NA
"HILIC_QI13333",0,NA,NA,NA
"HILIC_QI13304",0,NA,NA,NA
"HILIC_QI13515",0,NA,NA,NA
"HILIC_QI13561",0,NA,NA,NA
"HILIC_QI13650",0,NA,NA,NA
"HILIC_QI13354",0,NA,NA,NA
"HILIC_QI13589",0,NA,NA,NA
"HILIC_QI13796",0,NA,NA,NA
"HILIC_QI13795",0,NA,NA,NA
"HILIC_QI13935",0,NA,NA,NA
"HILIC_QI14184",0,NA,NA,NA
"HILIC_QI14027",0,NA,NA,NA
"HILIC_QI13742",0,NA,NA,NA
"HILIC_QI14073",0,NA,NA,NA
"HILIC_QI14074",0,NA,NA,NA
"HILIC_QI14075",0,NA,NA,NA
"HILIC_QI14076",0,NA,NA,NA
"HILIC_QI14052",0,NA,NA,NA
"HILIC_QI13888",0,NA,NA,NA
"HILIC_QI14112",0,NA,NA,NA
"HILIC_QI14080",0,NA,NA,NA
"HILIC_QI14155",0,NA,NA,NA
"HILIC_QI14176",0,NA,NA,NA
"HILIC_QI14227",0,NA,NA,NA
"HILIC_QI14226",0,NA,NA,NA
"HILIC_QI14281",0,NA,NA,NA
"HILIC_QI14511",0,NA,NA,NA
"HILIC_QI14656",0,NA,NA,NA
"HILIC_QI14686",0,NA,NA,NA
"HILIC_QI14611",0,NA,NA,NA
"HILIC_QI14729",0,NA,NA,NA
"HILIC_QI14681",0,NA,NA,NA
"HILIC_QI14851",0,NA,NA,NA
"HILIC_QI14871",0,NA,NA,NA
"HILIC_QI14892",0,NA,NA,NA
"HILIC_QI14939",0,NA,NA,NA
"HILIC_QI14815",0,NA,NA,NA
"HILIC_QI14950",0,NA,NA,NA
"HILIC_QI14953",0,NA,NA,NA
"HILIC_QI14897",0,NA,NA,NA
"HILIC_QI14962",0,NA,NA,NA
"HILIC_QI14974",-5.52438669707016e-05,NA,NA,NA
"HILIC_QI15034",0,NA,NA,NA
"HILIC_QI14970",0,NA,NA,NA
"HILIC_QI15208",0,NA,NA,NA
"HILIC_QI15113",0,NA,NA,NA
"HILIC_QI15271",0,NA,NA,NA
"HILIC_QI15006",0,NA,NA,NA
"HILIC_QI15328",0,NA,NA,NA
"HILIC_QI15219",0,NA,NA,NA
"HILIC_QI15404",0,NA,NA,NA
"HILIC_QI15266",0,NA,NA,NA
"HILIC_QI15258",0,NA,NA,NA
"HILIC_QI15164",0,NA,NA,NA
"HILIC_QI15343",0,NA,NA,NA
"HILIC_QI15412",0,NA,NA,NA
"HILIC_QI15607",0,NA,NA,NA
"HILIC_QI15439",0,NA,NA,NA
"HILIC_QI15435",0,NA,NA,NA
"HILIC_QI15544",0,NA,NA,NA
"HILIC_QI15628",0,NA,NA,NA
"HILIC_QI15615",0,NA,NA,NA
"HILIC_QI15575",0,NA,NA,NA
"HILIC_QI15507",0,NA,NA,NA
"HILIC_QI15678",0,NA,NA,NA
"HILIC_QI15673",0,NA,NA,NA
"HILIC_QI15692",0,NA,NA,NA
"HILIC_QI15662",0,NA,NA,NA
"HILIC_QI15716",0,NA,NA,NA
"HILIC_QI15710",0,NA,NA,NA
"HILIC_QI15841",0,NA,NA,NA
"HILIC_QI15761",0,NA,NA,NA
"HILIC_QI15827",0,NA,NA,NA
"HILIC_QI15776",0,NA,NA,NA
"HILIC_QI15873",0,NA,NA,NA
"HILIC_QI16084",0,NA,NA,NA
"HILIC_QI15943",0,NA,NA,NA
"HILIC_QI15926",0,NA,NA,NA
"HILIC_QI15862",0,NA,NA,NA
"HILIC_QI15995",0,NA,NA,NA
"HILIC_QI16133",0,NA,NA,NA
"HILIC_QI16185",0,NA,NA,NA
"HILIC_QI16008",0,NA,NA,NA
"HILIC_QI16101",0,NA,NA,NA
"HILIC_QI16527",0,NA,NA,NA
"HILIC_QI16181",0,NA,NA,NA
"HILIC_QI16417",0,NA,NA,NA
"HILIC_QI16638",0,NA,NA,NA
"HILIC_QI16652",0,NA,NA,NA
"HILIC_QI16666",0,NA,NA,NA
"HILIC_QI16685",0,NA,NA,NA
"HILIC_QI16658",0,NA,NA,NA
"HILIC_QI16744",0,NA,NA,NA
"HILIC_QI16796",0,NA,NA,NA
"HILIC_QI16888",0,NA,NA,NA
"HILIC_QI16841",0,NA,NA,NA
"HILIC_QI16846",0,NA,NA,NA
"HILIC_QI16868",0,NA,NA,NA
"HILIC_QI17028",0,NA,NA,NA
"HILIC_QI17080",0,NA,NA,NA
"HILIC_QI17141",0,NA,NA,NA
"HILIC_QI17228",0,NA,NA,NA
"HILIC_QI17345",0,NA,NA,NA
"HILIC_QI17457",0,NA,NA,NA
"HILIC_QI17220",0,NA,NA,NA
"HILIC_QI17430",0,NA,NA,NA
"HILIC_QI17523",0,NA,NA,NA
"HILIC_QI17426",0,NA,NA,NA
"HILIC_QI17487",0,NA,NA,NA
"HILIC_QI17560",0,NA,NA,NA
"HILIC_QI17610",0,NA,NA,NA
"HILIC_QI17598",0,NA,NA,NA
"HILIC_QI17583",0,NA,NA,NA
"HILIC_QI17593",0,NA,NA,NA
"HILIC_QI17596",0,NA,NA,NA
"HILIC_QI17600",0,NA,NA,NA
"HILIC_QI17836",0,NA,NA,NA
"HILIC_QI17718",0,NA,NA,NA
"HILIC_QI17744",0,NA,NA,NA
"HILIC_QI17806",0,NA,NA,NA
"HILIC_QI17781",0,NA,NA,NA
"HILIC_QI17815",0,NA,NA,NA
"HILIC_QI17830",0,NA,NA,NA
"HILIC_QI17860",0,NA,NA,NA
"HILIC_QI17916",0,NA,NA,NA
"HILIC_QI17674",0,NA,NA,NA
"HILIC_QI17855",0,NA,NA,NA
"HILIC_QI17979",0,NA,NA,NA
"HILIC_QI18063",0,NA,NA,NA
"HILIC_QI18033",0,NA,NA,NA
"HILIC_QI18016",0,NA,NA,NA
"HILIC_QI18041",0,NA,NA,NA
"HILIC_QI18043",0,NA,NA,NA
"HILIC_QI18064",0,NA,NA,NA
"HILIC_QI18154",0,NA,NA,NA
"HILIC_QI18048",0,NA,NA,NA
"HILIC_QI18070",0,NA,NA,NA
"HILIC_QI18083",0,NA,NA,NA
"HILIC_QI18155",0,NA,NA,NA
"HILIC_QI18074",0,NA,NA,NA
"HILIC_QI18076",0,NA,NA,NA
"HILIC_QI18097",0,NA,NA,NA
"HILIC_QI18098",0,NA,NA,NA
"HILIC_QI18099",0,NA,NA,NA
"HILIC_QI18115",0,NA,NA,NA
"HILIC_QI18218",0,NA,NA,NA
"HILIC_QI18275",0,NA,NA,NA
"HILIC_QI18244",0,NA,NA,NA
"HILIC_QI18294",0,NA,NA,NA
"HILIC_QI18296",0,NA,NA,NA
"HILIC_QI18307",0,NA,NA,NA
"HILIC_QI18321",0,NA,NA,NA
"HILIC_QI18335",0,NA,NA,NA
"HILIC_QI18346",0,NA,NA,NA
"HILIC_QI18344",0,NA,NA,NA
"HILIC_QI18385",0,NA,NA,NA
"HILIC_QI18526",0,NA,NA,NA
"HILIC_QI18497",0,NA,NA,NA
"HILIC_QI18700",0,NA,NA,NA
"HILIC_QI18674",0,NA,NA,NA
"HILIC_QI18696",0,NA,NA,NA
"HILIC_QI18791",0,NA,NA,NA
"HILIC_QI18782",0,NA,NA,NA
"HILIC_QI18817",0,NA,NA,NA
"HILIC_QI18807",0,NA,NA,NA
"HILIC_QI18810",0,NA,NA,NA
"HILIC_QI18816",0,NA,NA,NA
"HILIC_QI18922",0,NA,NA,NA
"HILIC_QI18923",0,NA,NA,NA
"HILIC_QI18975",0,NA,NA,NA
"HILIC_QI18984",0,NA,NA,NA
"HILIC_QI19159",0,NA,NA,NA
"HILIC_QI19167",0,NA,NA,NA
"HILIC_QI19005",0,NA,NA,NA
"HILIC_QI19175",0,NA,NA,NA
"HILIC_QI19105",0,NA,NA,NA
"HILIC_QI19162",0,NA,NA,NA
"HILIC_QI19205",0,NA,NA,NA
"HILIC_QI19275",0,NA,NA,NA
"HILIC_QI19277",0,NA,NA,NA
"HILIC_QI19128",0,NA,NA,NA
"HILIC_QI19331",0,NA,NA,NA
"HILIC_QI19249",0,NA,NA,NA
"HILIC_QI19305",0,NA,NA,NA
"HILIC_QI19323",0,NA,NA,NA
"HILIC_QI19448",0,NA,NA,NA
"HILIC_QI19453",0,NA,NA,NA
"HILIC_QI19543",0,NA,NA,NA
"HILIC_QI19591",0,NA,NA,NA
"HILIC_QI19608",0,NA,NA,NA
"HILIC_QI19726",0,NA,NA,NA
"HILIC_QI19745",0,NA,NA,NA
"HILIC_QI19725",0,NA,NA,NA
"HILIC_QI19696",0,NA,NA,NA
"HILIC_QI19833",0,NA,NA,NA
"HILIC_QI19837",0,NA,NA,NA
"HILIC_QI19906",0,NA,NA,NA
"HILIC_QI05413",0,NA,NA,NA
"HILIC_QI05442",0,NA,NA,NA
"HILIC_QI05487",0,NA,NA,NA
"HILIC_QI05524",0,NA,NA,NA
"HILIC_QI05528",0,NA,NA,NA
"HILIC_QI05552",0,NA,NA,NA
"gender_num",0,NA,NA,NA
"exam_num",0,NA,NA,NA
"is_Chinese",0,NA,NA,NA
"is_African",0,NA,NA,NA
"is_Hispanic",0,NA,NA,NA
"is_nonsmoker",0,NA,NA,NA
"is_formersmoker",0,NA,NA,NA
